index,actual,predicted,error,error_percent
0,5.06,5.2247176,-0.16471767,-3.2552903
1,4.9500003,5.1937604,-0.24376011,-4.924446
2,4.62,4.936956,-0.31695604,-6.860521
3,4.42,4.5358405,-0.115840435,-2.6208243
4,4.4100003,4.664773,-0.25477266,-5.7771573
5,4.56,4.870123,-0.31012297,-6.800942
6,5.02,5.2235947,-0.20359468,-4.055671
7,5.34,5.5490117,-0.20901155,-3.914074
8,5.2599998,5.522701,-0.26270103,-4.9943166
9,5.12,5.327443,-0.20744324,-4.0516257
10,5.02,5.243584,-0.22358418,-4.453868
11,5.05,5.234467,-0.18446684,-3.6528084
12,4.85,5.072014,-0.22201395,-4.577607
13,4.62,4.8445225,-0.22452259,-4.8597965
14,4.63,4.804765,-0.17476511,-3.7746243
15,4.59,4.755595,-0.16559505,-3.6077354
16,4.47,4.6528807,-0.18288088,-4.091295
17,4.4,2.7390769,1.6609232,37.748253
18,4.21,3.7424006,0.4675994,11.106874
19,4.11,4.602241,-0.4922409,-11.976664
20,4.08,4.5143847,-0.43438482,-10.646687
21,4.19,4.585843,-0.39584303,-9.447328
22,4.6400003,4.9672303,-0.32722998,-7.0523696
23,4.67,5.039366,-0.3693657,-7.9093294
24,4.42,4.7732835,-0.3532834,-7.992837
25,4.23,4.590484,-0.36048412,-8.522083
26,4.1,4.2934422,-0.19344234,-4.7181063
27,4.25,4.29114,-0.04114008,-0.9680019
28,4.16,4.2555475,-0.095547676,-2.2968192
29,4.2200003,4.4303083,-0.21030807,-4.983603
30,4.31,4.675492,-0.36549187,-8.48009
31,4.67,4.8619843,-0.19198418,-4.11101
32,4.8,5.061284,-0.26128387,-5.4434137
33,4.97,5.230566,-0.26056623,-5.2427816
34,5.3799996,5.5330276,-0.15302801,-2.844387
35,5.7799997,5.919017,-0.1390171,-2.4051404
36,6.0899997,6.1664724,-0.07647276,-1.2557104
37,6.58,6.613819,-0.0338192,-0.5139696
38,7.0,7.106247,-0.10624695,-1.5178136
39,7.2599998,7.4354854,-0.17548561,-2.4171572
40,7.03,7.4099092,-0.37990904,-5.4041114
41,6.62,6.975352,-0.35535192,-5.3678536
42,6.26,6.59044,-0.33043957,-5.278587
43,6.12,6.3855777,-0.2655778,-4.3395066
44,6.21,6.3688917,-0.15889168,-2.5586421
45,6.75,6.7160945,0.033905506,0.5023038
46,7.1499996,7.1645355,-0.014535904,-0.20329936
47,7.03,7.161115,-0.13111496,-1.8650776
48,6.78,6.906041,-0.12604094,-1.8590107
49,6.4500003,6.6645617,-0.21456146,-3.326534
50,6.15,6.394846,-0.24484587,-3.9812334
51,5.92,6.087684,-0.16768408,-2.8325012
52,5.6400003,5.789192,-0.14919186,-2.6452456
53,5.31,5.5413666,-0.23136663,-4.3571873
54,5.18,5.462185,-0.28218508,-5.4475884
55,5.16,5.3468866,-0.18688679,-3.6218371
56,5.0,5.292115,-0.2921152,-5.842304
57,5.13,5.3987565,-0.2687564,-5.238916
58,5.21,5.492914,-0.28291416,-5.430214
59,5.2599998,5.5443163,-0.28431654,-5.4052577
60,5.48,5.5584555,-0.07845545,-1.4316688
61,5.76,5.798421,-0.038420677,-0.6670256
62,5.9,5.8041286,0.09587145,1.6249398
63,5.75,5.794473,-0.04447317,-0.77344644
64,5.7999997,5.8227253,-0.022725582,-0.3918204
65,6.03,6.0024586,0.027541637,0.45674354
66,6.22,6.2469172,-0.026917458,-0.4327566
67,7.55,7.331534,0.21846628,2.893593
68,8.660001,8.68384,-0.023838997,-0.27527708
69,8.73,8.934672,-0.20467281,-2.3444767
70,9.13,9.058486,0.07151413,0.7832873
71,9.43,9.830894,-0.40089417,-4.2512636
72,9.06,9.363017,-0.30301666,-3.3445544
73,8.5199995,8.85882,-0.33882046,-3.976766
74,7.95,8.35085,-0.4008503,-5.042142
75,7.8399997,7.986379,-0.14637947,-1.8670851
76,7.9,8.076921,-0.17692137,-2.239511
77,7.9,8.45283,-0.5528302,-6.9978504
78,8.07,8.290525,-0.22052574,-2.7326612
79,7.65,7.871959,-0.22195911,-2.9014263
80,7.6600003,7.801554,-0.14155388,-1.8479618
81,7.85,7.979119,-0.12911892,-1.644827
82,9.280001,9.039951,0.24004936,2.5867386
83,9.36,9.8387,-0.47870064,-5.114323
84,8.96,9.032605,-0.07260513,-0.81032515
85,8.860001,9.133633,-0.27363205,-3.0883977
86,8.36,8.785095,-0.42509556,-5.084875
87,7.68,8.126969,-0.4469695,-5.819916
88,7.4599996,7.767628,-0.30762863,-4.1237087
89,7.23,7.5359735,-0.30597353,-4.231999
90,7.22,7.3783684,-0.15836859,-2.193471
91,7.3599997,7.4747148,-0.1147151,-1.5586292
92,7.3199997,7.5432816,-0.22328186,-3.0502987
93,7.1800003,7.3830585,-0.20305824,-2.828109
94,7.23,7.3929596,-0.16295958,-2.253936
95,7.6299996,7.6132483,0.01675129,0.2195451
96,8.2,8.153272,0.046728134,0.56985533
97,7.9,8.085562,-0.18556166,-2.3488817
98,7.8,7.9426885,-0.14268827,-1.8293368
99,7.7200003,7.9570694,-0.23706913,-3.0708437
100,7.74,8.0506525,-0.31065273,-4.0136013
101,7.76,8.022993,-0.26299286,-3.3890831
102,7.6600003,8.004881,-0.34488058,-4.502357
103,7.47,7.8009744,-0.33097458,-4.4307175
104,0.0,8.094665,-8.094665,-inf
105,7.96,8.471316,-0.5113163,-6.4235716
106,7.81,8.164893,-0.3548932,-4.544087
107,8.25,8.414876,-0.16487598,-1.9984968
108,7.9300003,8.387567,-0.45756626,-5.770066
109,7.5699997,7.8857403,-0.3157406,-4.1709456
110,7.7000003,7.932525,-0.23252487,-3.0198033
111,8.030001,8.15689,-0.12688923,-1.5801896
112,8.2,8.354022,-0.15402222,-1.8783197
113,8.05,8.276705,-0.2267046,-2.816206
114,7.65,8.015831,-0.3658309,-4.782103
115,7.12,7.428188,-0.30818796,-4.3284826
116,7.6000004,7.2819333,0.31806707,4.185093
117,8.39,8.158493,0.2315073,2.759324
118,8.42,8.532809,-0.11280918,-1.3397764
119,8.11,8.180037,-0.07003689,-0.86358684
120,7.86,7.9444184,-0.0844183,-1.0740241
121,7.47,7.711894,-0.24189425,-3.2382097
122,7.2,7.4772825,-0.2772827,-3.8511488
123,7.0499997,7.351546,-0.3015461,-4.27725
124,6.78,7.128099,-0.34809875,-5.1342
125,6.39,6.75885,-0.36885023,-5.772304
126,6.0899997,6.4060526,-0.3160529,-5.1897035
127,5.85,6.1754985,-0.32549858,-5.5640783
128,5.65,5.9636555,-0.31365538,-5.5514226
129,5.44,5.729387,-0.28938675,-5.319609
130,5.2,5.544012,-0.34401226,-6.6156206
131,5.13,5.433726,-0.30372572,-5.9205794
132,4.9500003,5.257133,-0.30713272,-6.2047014
133,4.6400003,5.045704,-0.40570354,-8.74361
134,4.38,4.7777414,-0.39774132,-9.080852
135,4.18,4.5491242,-0.3691244,-8.830728
136,4.0499997,4.3988533,-0.3488536,-8.613669
137,3.96,4.248906,-0.2889061,-7.2956085
138,4.0,4.2002974,-0.20029736,-5.007434
139,3.7800002,4.078236,-0.2982359,-7.8898377
140,3.4499998,3.8116753,-0.3616755,-10.483349
141,3.36,3.670734,-0.31073403,-9.248037
142,3.36,3.6410358,-0.2810359,-8.364164
143,3.38,3.6683958,-0.28839564,-8.532415
144,3.42,3.714238,-0.29423785,-8.603445
145,3.43,3.7627668,-0.33276677,-9.701655
146,3.42,3.7732842,-0.35328412,-10.329945
147,3.42,3.635492,-0.21549201,-6.3009357
148,3.23,3.5974615,-0.36746144,-11.376515
149,3.1999998,3.4549546,-0.25495481,-7.9673386
150,3.3400002,3.519673,-0.17967296,-5.3794293
151,3.5200002,3.6765318,-0.15653157,-4.4469194
152,3.6,3.7735531,-0.17355323,-4.8209233
153,3.65,3.8124998,-0.16249967,-4.4520454
154,3.79,3.8916626,-0.101662636,-2.6823916
155,3.79,3.9008744,-0.110874414,-2.9254463
156,3.64,3.7429729,-0.102972746,-2.8289216
157,3.31,3.472203,-0.16220307,-4.900395
158,3.17,3.2925558,-0.12255573,-3.8661115
159,3.0,3.1512067,-0.15120673,-5.040224
160,2.8999999,3.175437,-0.27543712,-9.497831
161,2.78,3.1374335,-0.35743356,-12.857323
162,2.85,3.0040712,-0.15407133,-5.4060116
163,2.8999999,3.0227933,-0.122793436,-4.2342567
164,2.8300002,2.9955187,-0.16551852,-5.8487105
165,2.66,2.8841143,-0.22411418,-8.425344
166,2.6,2.8366127,-0.2366128,-9.1004925
167,2.6299999,2.8611271,-0.23112726,-8.78811
168,2.6200001,2.8717446,-0.2517445,-9.608568
169,2.46,2.764315,-0.30431485,-12.3705225
170,2.4299998,2.740458,-0.31045818,-12.776057
171,2.52,2.7852762,-0.2652762,-10.526833
172,2.53,2.75348,-0.22347999,-8.833201
173,2.35,2.6243906,-0.2743907,-11.676201
174,2.2,2.4601898,-0.26018977,-11.826807
175,2.0,2.2608263,-0.26082635,-13.041317
176,1.8299999,2.1285217,-0.29852176,-16.312664
177,1.9000001,2.1951852,-0.2951851,-15.5360565
178,2.1299999,2.3372962,-0.20729637,-9.732224
179,2.1799998,2.3835127,-0.2035129,-9.335455
180,2.01,2.2499506,-0.23995066,-11.937844
181,1.8799999,2.121851,-0.24185109,-12.864421
182,1.8,2.042646,-0.24264598,-13.480332
183,1.72,1.9461359,-0.22613585,-13.147433
184,1.62,1.8453295,-0.22532952,-13.909229
185,1.5400001,1.8055539,-0.26555383,-17.243755
186,1.5400001,1.8121475,-0.27214742,-17.67191
187,1.5600001,1.8273002,-0.26730013,-17.134623
188,1.5400001,1.8411233,-0.30112326,-19.553457
189,1.5699999,1.8682135,-0.2982136,-18.9945
190,1.5999999,1.9353511,-0.33535123,-20.959454
191,1.71,2.0305583,-0.3205583,-18.7461
192,1.82,2.0886843,-0.26868427,-14.762871
193,1.86,2.1042266,-0.24422657,-13.130461
194,1.8,2.0872636,-0.28726363,-15.959091
195,1.82,2.076477,-0.256477,-14.092143
196,1.8,2.0356536,-0.23565364,-13.091869
197,1.69,1.8777316,-0.1877315,-11.108373
198,1.49,1.713951,-0.22395098,-15.030268
199,1.39,1.5886353,-0.19863534,-14.290312
200,1.33,1.5365802,-0.20658016,-15.532343
201,1.27,1.4905071,-0.22050714,-17.362768
202,1.24,1.4684587,-0.22845864,-18.424084
203,1.27,1.4780777,-0.20807767,-16.384068
204,1.28,1.4783907,-0.19839072,-15.499276
205,1.24,1.447455,-0.20745504,-16.730244
206,1.1800001,1.4277055,-0.24770546,-20.991987
207,1.62,1.4284596,0.19154036,11.823479
208,1.39,1.5018984,-0.11189842,-8.050246
209,1.24,1.4924691,-0.25246906,-20.360409
210,1.28,1.4214358,-0.14143586,-11.049677
211,1.3199999,1.5235405,-0.20354056,-15.419741
212,1.68,1.8104395,-0.13043952,-7.7642574
213,1.98,2.1272037,-0.14720368,-7.4345293
214,2.04,2.3385735,-0.2985735,-14.635956
215,2.03,2.3021765,-0.2721765,-13.40771
216,1.9599999,2.1614242,-0.20142424,-10.276748
217,1.92,2.1358078,-0.2158078,-11.23999
218,1.9000001,2.1563556,-0.25635552,-13.492395
219,1.9599999,2.174945,-0.2149452,-10.966592
220,2.02,2.226011,-0.20601106,-10.198567
221,2.03,2.2359834,-0.2059834,-10.146966
222,1.98,2.1686716,-0.18867159,-9.528868
223,1.8799999,2.0956304,-0.21563053,-11.469709
224,1.82,2.0838208,-0.26382077,-14.4956455
225,1.8,2.0460174,-0.24601746,-13.667637
226,1.79,2.0066164,-0.21661639,-12.101475
227,1.72,1.9606804,-0.24068034,-13.993043
228,1.6700001,1.9130132,-0.24301314,-14.551684
229,1.6700001,1.8878258,-0.21782577,-13.043459
230,1.68,1.891805,-0.2118051,-12.607448
231,1.65,1.8375956,-0.1875956,-11.369431
232,1.62,1.9326997,-0.31269968,-19.302448
233,1.52,1.7453605,-0.22536051,-14.82635
234,1.35,1.4845091,-0.13450909,-9.963636
235,1.21,1.3235912,-0.113591194,-9.387702
236,1.11,1.2248325,-0.11483252,-10.345272
237,1.0699999,1.1652455,-0.0952456,-8.901458
238,1.0,1.1323013,-0.13230133,-13.230133
239,0.95000005,1.1231946,-0.17319453,-18.231
240,0.93999994,1.1232207,-0.18322074,-19.49157
241,0.93999994,1.1434109,-0.20341098,-21.639467
242,1.0,1.1805029,-0.18050289,-18.05029
243,1.0699999,1.2299207,-0.15992081,-14.94587
244,1.1800001,1.3277614,-0.14776134,-12.522147
245,1.3,1.3853505,-0.08535051,-6.565424
246,1.25,1.2684199,-0.018419862,-1.473589
247,1.1800001,1.1989104,-0.018910289,-1.6025668
248,1.14,1.1678807,-0.027880669,-2.4456728
249,1.1,1.1367279,-0.036727905,-3.3389006
250,1.12,1.1863163,-0.06631625,-5.9210935
251,1.24,1.3414375,-0.10143745,-8.180439
252,1.35,1.4554611,-0.10546112,-7.8119345
253,1.35,1.4771246,-0.12712455,-9.416633
254,1.3199999,1.4886509,-0.16865098,-12.776591
255,1.35,1.5118778,-0.16187775,-11.990944
256,1.4,1.5662464,-0.16624641,-11.874744
257,1.49,1.6472961,-0.15729606,-10.556783
258,1.5400001,1.6963407,-0.1563406,-10.151987
259,1.48,1.6268322,-0.14683223,-9.921096
260,1.38,1.5753024,-0.19530237,-14.152345
261,1.3,1.3911072,-0.09110725,-7.00825
262,1.3,1.3869835,-0.08698356,-6.691043
263,1.33,1.447382,-0.11738193,-8.825709
264,1.34,1.5169241,-0.17692411,-13.203292
265,1.4499999,1.637637,-0.18763709,-12.940491
266,1.5400001,1.7301528,-0.19015276,-12.347581
267,1.5699999,1.7920492,-0.22204924,-14.143265
268,1.71,1.9005547,-0.19055462,-11.143545
269,1.8,1.8549749,-0.054974914,-3.054162
270,1.85,1.8673325,-0.017332435,-0.93688834
271,1.68,1.8044456,-0.12444568,-7.407481
272,1.5400001,1.6312324,-0.0912323,-5.924175
273,1.34,1.3806667,-0.0406667,-3.0348282
274,1.13,1.1564449,-0.026444912,-2.3402576
275,1.0,1.0184652,-0.018465161,-1.8465161
276,0.9,0.9660164,-0.066016436,-7.33516
277,0.91,1.0068041,-0.09680408,-10.637811
278,0.93999994,1.0966542,-0.15665424,-16.665346
279,1.0500001,1.2030671,-0.153067,-14.577807
280,1.21,1.3328191,-0.122819066,-10.150335
281,1.33,1.4459704,-0.11597037,-8.719577
282,1.36,1.5013922,-0.14139223,-10.396487
283,1.39,1.4891208,-0.099120855,-7.1309967
284,1.3199999,1.4033841,-0.083384156,-6.3169823
285,1.22,1.2882742,-0.06827414,-5.596241
286,1.15,1.1539836,-0.003983617,-0.34640148
287,1.13,1.1765599,-0.04655993,-4.1203475
288,1.13,1.2257979,-0.0957979,-8.47769
289,1.22,1.3337109,-0.11371088,-9.320564
290,1.34,1.5143352,-0.17433512,-13.010083
291,1.5,1.6875411,-0.18754113,-12.502742
292,1.65,1.8385969,-0.18859696,-11.430119
293,1.65,1.8285486,-0.17854857,-10.821126
294,1.58,1.7537075,-0.17370749,-10.994144
295,1.5999999,1.5582405,0.04175937,2.609961
296,1.5400001,1.5553566,-0.015356541,-0.9971779
297,1.42,1.4963193,-0.07631934,-5.3746014
298,1.3,1.4041195,-0.10411954,-8.009195
299,1.2,1.2737824,-0.073782325,-6.1485267
300,1.06,1.0989329,-0.03893292,-3.6729171
301,0.91999996,0.9520642,-0.03206426,-3.4852457
302,0.84999996,0.8755912,-0.025591254,-3.0107358
303,0.82,0.8493583,-0.029358327,-3.5802836
304,0.77000004,0.8408182,-0.070818186,-9.197166
305,0.75,0.84918696,-0.09918696,-13.224928
306,0.74,0.8568512,-0.11685121,-15.790704
307,0.72,0.85594696,-0.13594693,-18.881517
308,0.65999997,0.8317874,-0.17178744,-26.0284
309,0.62,0.8284626,-0.2084626,-33.622997
310,0.65,0.8616581,-0.21165812,-32.56279
311,0.7,0.8925663,-0.19256634,-27.509478
312,0.72,0.90116596,-0.18116593,-25.161934
313,0.74,0.9024088,-0.16240877,-21.94713
314,0.74,0.90172607,-0.16172606,-21.854874
315,0.78000003,0.91147274,-0.1314727,-16.855474
316,0.79999995,0.9241492,-0.12414926,-15.51866
317,0.89,0.9863726,-0.096372604,-10.8283825
318,0.95000005,1.0330381,-0.08303809,-8.740851
319,0.95000005,1.0130028,-0.063002706,-6.631863
320,0.9,0.93768054,-0.037680566,-4.18673
321,0.82,0.866819,-0.04681903,-5.709638
322,0.72,0.8157583,-0.09575826,-13.299757
323,0.64,0.7451707,-0.10517073,-16.432926
324,0.6,0.7152905,-0.11529046,-19.215076
325,0.58000004,0.7206983,-0.14069825,-24.258318
326,0.54,0.7403675,-0.20036745,-37.105083
327,0.68,0.8230706,-0.14307058,-21.039791
328,0.82,0.926342,-0.10634202,-12.968538
329,0.91999996,1.0390629,-0.1190629,-12.94162
330,1.0500001,1.1732938,-0.12329376,-11.742262
331,1.22,1.2828777,-0.062877655,-5.153906
332,1.28,1.3004286,-0.020428658,-1.5959889
333,1.22,1.2157837,0.0042163134,0.34559944
334,1.1,1.066228,0.03377199,3.0701811
335,0.91999996,0.93412775,-0.014127791,-1.5356295
336,0.86,0.8641734,-0.004173398,-0.48527884
337,0.88000005,0.8533913,0.026608765,3.0237231
338,0.88000005,0.8535853,0.026414752,3.001676
339,0.91999996,0.8468877,0.07311225,7.946984
340,0.9,0.9020941,-0.0020941496,-0.23268329
341,1.0500001,1.1269588,-0.076958776,-7.3294067
342,1.28,1.4839967,-0.20399678,-15.937248
343,1.4499999,1.6520864,-0.20208645,-13.936996
344,1.5,1.719725,-0.21972501,-14.6483345
345,1.66,1.8821112,-0.22211123,-13.380196
346,1.95,2.018005,-0.06800485,-3.487428
347,2.0,2.072498,-0.07249808,-3.6249042
348,1.8799999,1.9571782,-0.07717836,-4.1052322
349,1.5999999,1.723599,-0.12359905,-7.7249417
350,1.43,1.5268391,-0.09683919,-6.771971
351,1.36,1.4613355,-0.101335526,-7.451142
352,1.44,1.5234492,-0.083449125,-5.795078
353,1.5400001,1.6176974,-0.07769728,-5.0452776
354,1.63,1.6943187,-0.06431866,-3.94593
355,1.6700001,1.7362095,-0.066209435,-3.9646368
356,1.6999999,1.7436024,-0.043602467,-2.564851
357,1.6700001,1.7133398,-0.04333973,-2.5951934
358,1.64,1.699763,-0.059762955,-3.6440828
359,1.6700001,1.6931722,-0.02317214,-1.3875532
360,1.72,1.6988093,0.021190763,1.232021
361,1.6999999,1.6809325,0.019067407,1.1216122
362,1.68,1.6266873,0.05331266,3.1733725
363,1.73,1.659453,0.070546985,4.0778604
364,1.8299999,1.710468,0.11953187,6.5317965
365,1.82,1.7999952,0.020004869,1.0991687
366,1.8799999,1.9262782,-0.046278358,-2.4616148
367,2.02,2.0926862,-0.072686195,-3.5983264
368,2.19,2.1468406,0.043159485,1.9707527
369,2.19,2.1642222,0.025777817,1.1770693
370,2.3200002,2.376329,-0.056328773,-2.4279642
371,2.52,2.5183372,0.0016627312,0.065981396
372,2.7,2.6618898,0.038110256,1.411491
373,2.53,2.5888562,-0.05885625,-2.326334
374,2.3,2.4108644,-0.1108644,-4.8201914
375,2.22,2.4214723,-0.20147228,-9.075328
376,2.25,2.369572,-0.119571924,-5.3143077
377,2.28,2.387245,-0.10724497,-4.703727
378,2.35,2.4617403,-0.11174035,-4.7549086
379,2.44,2.5216904,-0.08169031,-3.3479636
380,2.44,2.5410597,-0.101059675,-4.14179
381,2.5,2.593145,-0.09314489,-3.7257957
382,2.42,2.5208635,-0.10086346,-4.1679115
383,2.15,2.3334033,-0.18340325,-8.530383
384,2.09,2.3254242,-0.23542428,-11.264319
385,2.88,2.931997,-0.051996946,-1.8054495
386,3.77,3.5784907,0.19150925,5.0798206
387,3.9199998,3.9191935,0.00080633163,0.020569686
388,3.9,3.8526511,0.047348976,1.2140763
389,3.6299999,3.624753,0.0052468777,0.14454208
390,3.5,3.4260345,0.07396555,2.1133015
391,3.4499998,3.3925948,0.057404995,1.663913
392,3.4499998,3.3825219,0.06747794,1.9558824
393,3.58,3.635589,-0.05558896,-1.5527643
394,3.7800002,3.8077168,-0.027716637,-0.7332443
395,4.1200004,4.119219,0.0007815361,0.018969322
396,4.45,4.5159883,-0.06598854,-1.4828886
397,4.35,4.448774,-0.09877396,-2.2706656
398,4.02,4.1198826,-0.0998826,-2.4846418
399,3.7,3.842037,-0.14203691,-3.8388357
400,3.38,3.5492342,-0.16923404,-5.0069237
401,3.3300002,3.4564593,-0.12645912,-3.797571
402,3.38,3.5062013,-0.12620115,-3.7337615
403,3.44,3.57723,-0.13722992,-3.9892416
404,3.5200002,3.6987097,-0.1787095,-5.0769744
405,3.6799998,3.8315344,-0.15153456,-4.1177874
406,3.93,4.0577707,-0.12777066,-3.2511618
407,4.1200004,4.205701,-0.08570051,-2.0801094
408,4.02,4.0621276,-0.04212761,-1.0479505
409,3.82,3.8145835,0.0054163933,0.1417904
410,3.6200001,3.620786,-0.00078582764,-0.021707945
411,3.38,3.337765,0.042235136,1.2495601
412,3.1200001,3.1007931,0.019207,0.615609
413,2.95,2.9869838,-0.03698373,-1.2536857
414,3.1499999,3.2068934,-0.056893587,-1.8061457
415,3.75,3.6662555,0.083744526,2.2331872
416,3.88,3.906449,-0.026448965,-0.68167436
417,3.7800002,3.8701582,-0.090157986,-2.3851318
418,3.8500001,3.8978426,-0.047842503,-1.2426623
419,4.1499996,4.131397,0.018602848,0.44826144
420,4.68,4.542533,0.13746691,2.9373271
421,5.12,4.9936185,0.1263814,2.4683867
422,5.4,5.3165894,0.08341074,1.5446433
423,5.4500003,5.45659,-0.0065898895,-0.120915405
424,5.55,5.529371,0.020629406,0.371701
425,7.1499996,6.6596565,0.4903431,6.857946
426,8.349999,8.108234,0.24176502,2.8953898
427,10.22,9.846893,0.37310696,3.6507528
428,11.349999,11.610885,-0.26088524,-2.2985485
429,10.910001,11.168996,-0.25899506,-2.3739233
430,9.87,10.215736,-0.3457365,-3.5029027
431,8.97,9.385544,-0.41554356,-4.6325927
432,8.450001,9.643309,-1.1933079,-14.121985
433,7.6600003,8.251715,-0.5917144,-7.7247305
434,6.9300003,7.258549,-0.3285489,-4.7409654
435,6.72,7.243736,-0.523736,-7.793691
436,6.62,7.1776004,-0.5576005,-8.422969
437,6.2799997,6.86747,-0.58747005,-9.354619
438,0.0,6.4963484,-6.4963484,-inf
439,5.56,2.063886,3.496114,62.879745
440,5.2799997,4.906336,0.3736639,7.076968
441,0.0,6.6698427,-6.6698427,-inf
442,5.5,2.6110842,2.8889158,52.52574
443,5.4500003,6.3969293,-0.946929,-17.374844
444,5.15,6.4101067,-1.2601066,-24.468088
445,5.0,5.317364,-0.31736422,-6.3472843
446,5.44,5.522137,-0.08213711,-1.5098733
447,5.4500003,5.6010203,-0.15102005,-2.77101
448,5.62,5.580383,0.03961706,0.70492995
449,5.6400003,5.552741,0.08725929,1.5471505
450,5.46,5.4990172,-0.0390172,-0.71460074
451,5.1,5.1861796,-0.08617973,-1.6897987
452,5.0,5.0238247,-0.023824692,-0.47649384
453,4.7799997,4.8487487,-0.06874895,-1.4382627
454,4.6400003,4.642061,-0.0020608902,-0.044415735
455,4.6400003,4.541396,0.0986042,2.1250904
456,4.8599997,4.6892996,0.17070007,3.5123475
457,4.98,4.89657,0.08342981,1.6752975
458,4.84,4.8103385,0.029661655,0.6128441
459,4.5699997,4.6168056,-0.04680586,-1.0241983
460,4.42,4.3652163,0.05478382,1.239453
461,4.46,4.3849387,0.07506132,1.6829894
462,4.96,4.7898474,0.17015266,3.4304972
463,5.11,5.091778,0.018222332,0.3566014
464,5.2200003,5.187823,0.03217745,0.61642617
465,5.52,5.329493,0.19050694,3.4512124
466,5.9,5.706646,0.19335413,3.2771885
467,6.58,6.2277317,0.35226822,5.35362
468,7.34,7.05376,0.2862401,3.8997288
469,7.86,7.7293983,0.13060188,1.6616014
470,7.7000003,7.8442945,-0.14429426,-1.8739514
471,7.38,7.531562,-0.15156174,-2.053682
472,7.1499996,7.3094773,-0.15947771,-2.2304575
473,7.0800004,7.305187,-0.22518682,-3.1806047
474,7.1499996,7.40299,-0.25299025,-3.5383253
475,7.06,7.3297305,-0.26973057,-3.8205464
476,6.95,7.188287,-0.23828697,-3.4285896
477,6.65,6.9115825,-0.26158237,-3.9335694
478,6.42,6.5237765,-0.103776455,-1.6164556
479,6.73,6.524279,0.2057209,3.0567741
480,7.0,6.941895,0.058104992,0.83007133
481,7.0499997,7.041941,0.008058548,0.11430565
482,7.1,7.190266,-0.09026623,-1.2713554
483,6.92,7.138699,-0.21869898,-3.16039
484,6.65,6.8801436,-0.23014355,-3.4608052
485,6.6,6.8776345,-0.27763462,-4.206585
486,6.2999997,6.5534005,-0.2534008,-4.022235
487,6.05,6.221135,-0.17113495,-2.8286767
488,6.15,5.9756107,0.17438936,2.8355994
489,6.88,6.630296,0.24970388,3.629417
490,7.16,7.2357416,-0.07574177,-1.057846
491,6.96,7.1262836,-0.16628361,-2.3891323
492,6.88,7.0666037,-0.18660355,-2.7122607
493,6.65,6.947501,-0.2975011,-4.4737005
494,0.0,6.683254,-6.683254,-inf
495,6.4500003,2.1141963,4.335804,67.22176
496,6.31,5.839571,0.47042894,7.455292
497,6.2,7.4434943,-1.2434945,-20.056364
498,5.93,5.9488153,-0.018815517,-0.31729373
499,5.58,5.6859717,-0.10597181,-1.8991364
500,5.32,5.5816317,-0.2616315,-4.917885
501,5.09,5.2595797,-0.1695795,-3.331621
502,4.91,5.0441456,-0.13414574,-2.7320926
503,4.7200003,4.887928,-0.16792774,-3.5577908
504,4.38,4.618822,-0.23882198,-5.4525566
505,4.24,4.42417,-0.18417025,-4.3436384
506,3.95,4.1804185,-0.23041844,-5.8333783
507,3.7800002,4.003084,-0.22308397,-5.901692
508,3.7599998,4.024079,-0.2640791,-7.0233808
509,4.1,4.3143816,-0.2143817,-5.2288218
510,4.45,4.6007423,-0.15074253,-3.3874729
511,3.4499998,4.821744,-1.3717442,-39.760704
512,3.4900002,3.8164823,-0.32648206,-9.354786
513,3.46,3.59943,-0.13943005,-4.0297704
514,3.38,3.6912458,-0.31124568,-9.208452
515,3.5400002,3.773689,-0.23368883,-6.601379
516,3.7,3.8606896,-0.16068959,-4.3429623
517,3.7,3.8749762,-0.17497611,-4.729084
518,3.46,3.6850424,-0.22504234,-6.504114
519,2.95,3.2813845,-0.33138442,-11.23337
520,2.7,2.9550638,-0.25506377,-9.446807
521,2.45,2.7795238,-0.3295238,-13.44995
522,2.3,2.764418,-0.46441793,-20.192085
523,2.34,2.8696463,-0.5296464,-22.634462
524,2.46,2.9350827,-0.47508264,-19.312302
525,2.53,2.9927218,-0.46272182,-18.2894
526,2.68,3.0566256,-0.37662554,-14.053191
527,2.66,2.9998093,-0.33980918,-12.77478
528,2.52,1.7901789,0.7298211,28.961155
529,2.6200001,1.320349,1.2996511,49.605003
530,2.68,2.5675702,0.11242986,4.1951437
531,2.52,3.1975951,-0.67759514,-26.888695
532,2.5,2.983705,-0.48370504,-19.348202
533,2.5,2.9195492,-0.41954923,-16.78197
534,2.54,2.9925406,-0.45254064,-17.81656
535,2.6399999,2.8249545,-0.18495464,-7.0058584
536,2.6299999,2.703471,-0.07347107,-2.793577
537,2.48,2.6097836,-0.12978363,-5.2332106
538,2.46,2.680474,-0.220474,-8.9623575
539,2.48,2.7028446,-0.2228446,-8.985669
540,2.58,2.9459605,-0.3659606,-14.18452
541,2.58,3.042591,-0.46259117,-17.929892
542,2.5,2.9645185,-0.46451855,-18.580742
543,2.48,2.8750963,-0.3950963,-15.931302
544,2.42,2.7756593,-0.35565925,-14.696662
545,2.3,2.6220407,-0.3220408,-14.001773
546,2.08,2.3838267,-0.3038268,-14.607059
547,1.8,2.1911652,-0.39116526,-21.731403
548,1.71,2.1637459,-0.45374584,-26.534843
549,1.7600001,2.1954565,-0.4354564,-24.741838
550,1.85,2.1638231,-0.3138231,-16.96341
551,1.8299999,2.079608,-0.24960804,-13.639784
552,1.8399999,2.053014,-0.21301413,-11.576855
553,1.8399999,2.001547,-0.16154718,-8.779738
554,1.71,1.9209528,-0.21095276,-12.336418
555,1.5699999,1.8447798,-0.27477992,-17.501905
556,1.5400001,1.8444438,-0.30444372,-19.769072
557,1.62,1.8952584,-0.27525842,-16.99126
558,1.65,1.9067804,-0.2567804,-15.562448
559,1.68,1.8901635,-0.2101636,-12.509738
560,1.68,1.855799,-0.17579901,-10.464228
561,1.62,1.923847,-0.30384696,-18.755985
562,1.59,1.8938955,-0.30389547,-19.112923
563,1.59,1.8358555,-0.24585545,-15.462607
564,1.58,1.7810133,-0.2010132,-12.722355
565,1.68,1.8918269,-0.21182692,-12.608746
566,1.94,2.1289659,-0.1889658,-9.740504
567,2.02,2.2348924,-0.21489239,-10.638237
568,2.03,1.8441608,0.18583918,9.154639
569,1.9599999,2.0223155,-0.062315583,-3.1793666
570,1.92,2.1712725,-0.25127256,-13.087113
571,1.82,2.0108309,-0.19083083,-10.48521
572,1.44,1.8209546,-0.3809545,-26.455173
573,1.3199999,1.4764036,-0.15640366,-11.8487625
574,1.24,1.3373798,-0.0973798,-7.85321
575,1.22,1.3609152,-0.14091516,-11.550422
576,1.24,1.4070559,-0.16705585,-13.472245
577,1.28,1.4164354,-0.13643539,-10.659016
578,1.28,1.4152266,-0.1352266,-10.564579
579,1.22,1.3734338,-0.1534338,-12.576541
580,1.15,1.3353064,-0.18530643,-16.113604
581,1.0300001,1.2441326,-0.21413255,-20.789566
582,0.93999994,1.2232194,-0.28321946,-30.12973
583,0.97999996,1.2323936,-0.25239366,-25.754457
584,1.04,1.247296,-0.20729601,-19.93231
585,0.97999996,1.2425681,-0.26256818,-26.792673
586,0.97999996,1.2320068,-0.25200683,-25.714985
587,0.96,1.2129371,-0.25293714,-26.34762
588,0.9,1.1538308,-0.2538308,-28.203423
589,0.82,1.1287748,-0.30877477,-37.65546
590,0.84999996,1.1420219,-0.29202193,-34.355522
591,0.84999996,1.1612291,-0.31122917,-36.6152
592,0.87,1.1902115,-0.32021153,-36.805923
593,0.95000005,1.2088275,-0.25882745,-27.244993
594,1.0500001,1.2418808,-0.1918807,-18.274351
595,1.11,1.2281199,-0.118119836,-10.641427
596,1.08,1.2331359,-0.1531359,-14.179249
597,1.08,1.2431521,-0.1631521,-15.106675
598,1.06,1.2505181,-0.19051814,-17.973412
599,1.04,1.2746296,-0.23462963,-22.560543
600,1.1,1.3314567,-0.23145664,-21.041512
601,1.22,1.495944,-0.275944,-22.618359
602,1.4499999,1.593488,-0.14348805,-9.895728
603,1.52,1.5530773,-0.03307736,-2.1761422
604,1.58,1.5747558,0.005244255,0.33191487
605,1.69,1.5398234,0.15017664,8.886192
606,1.5699999,1.4691635,0.100836396,6.422701
607,1.4,1.3903121,0.009687901,0.69199294
608,1.27,1.2902077,-0.020207763,-1.5911624
609,1.0,1.1427041,-0.14270413,-14.270412
610,0.82,0.9980849,-0.17808491,-21.717672
611,0.88000005,1.089852,-0.20985192,-23.846807
612,0.93,1.1636938,-0.23369378,-25.128365
613,0.97,1.1826907,-0.21269071,-21.926876
614,0.91999996,1.1597744,-0.23977447,-26.062445
615,0.88000005,1.1383083,-0.25830823,-29.353207
616,0.82,1.0945061,-0.27450615,-33.47636
617,0.79999995,1.08187,-0.28187,-35.233753
618,0.82,1.0601262,-0.2401262,-29.283682
619,0.84,1.061366,-0.22136599,-26.353094
620,0.84,1.0651071,-0.22510713,-26.79847
621,0.84,1.0744585,-0.2344585,-27.911728
622,0.88000005,1.0768732,-0.19687313,-22.371944
623,0.77000004,1.0179363,-0.24793631,-32.19952
624,0.65999997,0.9821176,-0.32211763,-48.805706
625,0.75,0.97358495,-0.22358495,-29.811325
626,0.76,0.9568079,-0.19680792,-25.89578
627,0.72,0.917484,-0.19748396,-27.428326
628,0.7,0.89562345,-0.19562346,-27.946209
629,0.0,0.8746373,-0.8746373,-inf
630,0.65,0.0021878434,0.6478121,99.66341
631,0.65,0.62920225,0.02079773,3.1996508
632,0.65,1.1128128,-0.46281278,-71.201965
633,0.62,1.1104343,-0.4904343,-79.1023
634,0.71,1.1112391,-0.4012391,-56.512554
635,0.84999996,1.2342278,-0.3842278,-45.203274
636,0.97999996,1.2563328,-0.2763328,-28.197226
637,1.0500001,1.2011384,-0.1511383,-14.394124
638,1.12,1.1059388,0.014061213,1.2554654
639,1.0500001,0.97696453,0.07303554,6.9557652
640,0.91999996,0.9030958,0.016904175,1.8374104
641,0.83,0.87729204,-0.047292054,-5.697838
642,0.76,0.84869254,-0.088692546,-11.670072
643,0.65,0.81743586,-0.16743588,-25.759369
644,0.62,0.8362393,-0.21623927,-34.877304
645,0.65,0.8572054,-0.20720541,-31.877756
646,0.65999997,0.8656893,-0.20568931,-31.165049
647,0.65999997,0.8603163,-0.20031631,-30.350956
648,0.65999997,0.85480195,-0.19480199,-29.515453
649,0.0,0.83704716,-0.83704716,-inf
650,0.63,0.03761303,0.59238696,94.02968
651,0.59000003,0.54898906,0.041010976,6.9510126
652,0.62,0.9637705,-0.3437705,-55.446857
653,0.64,0.92561793,-0.28561795,-44.627808
654,0.58000004,0.8441568,-0.26415676,-45.544266
655,0.57,0.85397595,-0.28397596,-49.820347
656,0.57,0.87979966,-0.30979967,-54.350822
657,0.61,0.87899655,-0.26899654,-44.097794
658,0.57,0.8738099,-0.30380988,-53.29998
659,0.56,0.88493013,-0.32493013,-58.02324
660,0.56,0.8812198,-0.3212198,-57.36068
661,0.58000004,0.87661284,-0.2966128,-51.140137
662,0.61,0.8706706,-0.2606706,-42.732887
663,0.65,0.8959202,-0.24592024,-37.833885
664,0.72,0.89548546,-0.17548543,-24.372976
665,0.74,0.911015,-0.17101496,-23.11013
666,0.72,0.8883494,-0.16834939,-23.381857
667,0.65,0.84398156,-0.19398159,-29.84332
668,0.65999997,0.84587145,-0.18587148,-28.162348
669,0.76,0.86597323,-0.10597324,-13.943848
670,0.79999995,0.8581453,-0.058145344,-7.268169
671,0.84,0.8077835,0.03221649,3.8352966
672,0.75,0.78519315,-0.035193145,-4.692419
673,0.67,0.77511847,-0.10511845,-15.689321
674,0.65,0.7776568,-0.12765682,-19.639511
675,0.67,0.7964946,-0.12649459,-18.87979
676,0.75,0.8239751,-0.073975086,-9.863344
677,0.84,0.85777134,-0.017771363,-2.1156385
678,0.88000005,0.9584615,-0.07846147,-8.916076
679,0.9,0.99752355,-0.09752357,-10.835953
680,0.83,0.9520471,-0.12204713,-14.7044735
681,0.79999995,0.9114283,-0.11142832,-13.928541
682,0.84999996,0.9273956,-0.07739562,-9.105368
683,0.88000005,0.95823663,-0.07823658,-8.89052
684,0.93,0.9920012,-0.06200117,-6.6667924
685,0.96,0.9802784,-0.020278394,-2.1123328
686,0.86,0.9045305,-0.04453051,-5.177966
687,0.79999995,0.8412865,-0.041286528,-5.160816
688,0.74,0.79826564,-0.058265626,-7.8737335
689,0.65999997,0.75567645,-0.09567648,-14.496437
690,0.69,0.76910335,-0.07910335,-11.464253
691,0.78000003,0.8626944,-0.08269435,-10.601839
692,0.95000005,1.0598742,-0.10987413,-11.565697
693,1.1600001,1.3205258,-0.16052568,-13.838419
694,1.26,1.3807106,-0.12071061,-9.580208
695,1.13,1.1828547,-0.052854657,-4.6774035
696,0.95000005,0.9517551,-0.0017550588,-0.18474302
697,0.83,0.7870015,0.042998493,5.1805415
698,0.65999997,0.6505673,0.009432673,1.429193
699,0.52,0.55397373,-0.033973753,-6.533414
700,0.55,0.5420044,0.0079956055,1.4537464
701,0.58000004,0.57583815,0.0041618943,0.7175679
702,0.63,0.6295857,0.0004143119,0.06576379
703,0.7,0.7031115,-0.0031115413,-0.44450593
704,0.76,0.77789074,-0.017890751,-2.3540463
705,0.79999995,0.8176982,-0.017698228,-2.2122788
706,0.78000003,0.8021127,-0.022112668,-2.8349574
707,0.78000003,0.83260703,-0.052607,-6.744487
708,0.84999996,0.8972524,-0.047252417,-5.5591083
709,0.88000005,0.8914926,-0.01149255,-1.3059716
710,0.87,0.86014247,0.009857535,1.13305
711,1.0,1.0245591,-0.02455914,-2.455914
712,0.0,1.2533064,-1.2533064,-inf
713,0.0,0.09440058,-0.09440058,-inf
714,0.0,-0.43428114,0.43428114,inf
715,0.0,-0.38225767,0.38225767,inf
716,0.0,-0.19968313,0.19968313,inf
717,0.0,-0.08884695,0.08884695,inf
718,0.0,-0.03014339,0.03014339,inf
719,0.0,0.01793809,-0.01793809,-inf
720,0.0,0.065032735,-0.065032735,-inf
721,0.0,0.108070895,-0.108070895,-inf
722,0.0,0.14577042,-0.14577042,-inf
723,2.12,0.17896864,1.9410312,91.55808
724,2.02,2.4228175,-0.4028175,-19.94146
725,1.8799999,2.8044932,-0.9244933,-49.17518
726,1.7600001,2.4739084,-0.7139083,-40.56297
727,1.58,2.1881495,-0.6081494,-38.490467
728,1.53,2.2073445,-0.67734456,-44.27089
729,1.8,2.283849,-0.48384905,-26.880503
730,1.92,2.321958,-0.4019581,-20.935318
731,1.92,2.306965,-0.38696516,-20.154436
732,1.92,2.2872941,-0.3672942,-19.129906
733,2.08,2.4100282,-0.3300283,-15.866746
734,2.56,2.7743726,-0.21437263,-8.373931
735,3.43,3.3685393,0.061460733,1.7918581
736,3.6599998,3.7605472,-0.10054731,-2.7471945
737,3.82,3.545269,0.27473092,7.1919093
738,3.7599998,3.7573392,0.002660513,0.07075833
739,3.6299999,3.7734625,-0.14346266,-3.9521396
740,3.3300002,3.4918153,-0.16181517,-4.859314
741,2.95,3.1947796,-0.24477959,-8.297613
742,2.8999999,3.0893261,-0.18932629,-6.528493
743,2.88,3.0282297,-0.1482296,-5.1468606
744,2.88,3.030008,-0.15000796,-5.2086096
745,3.18,3.1496196,0.030380487,0.95536125
746,3.3,3.4258628,-0.12586284,-3.8140256
747,3.37,3.471893,-0.10189319,-3.023537
748,3.4499998,3.4092095,0.04079032,1.1823282
749,3.7299998,3.7264075,0.0035922527,0.09630705
750,4.2200003,4.2431865,-0.023186207,-0.54943615
751,4.58,4.6366234,-0.05662346,-1.2363201
752,4.92,4.8672314,0.052768707,1.0725347
753,5.02,5.013149,0.0068511963,0.136478
754,5.08,5.023674,0.056325912,1.1087778
755,5.0,4.9114766,0.08852339,1.7704676
756,4.7200003,4.7473373,-0.027337074,-0.57917523
757,4.46,4.499836,-0.03983593,-0.8931823
758,4.38,4.2498093,0.13019085,2.9723938
759,3.93,3.8567007,0.07329941,1.865125
760,3.6799998,3.6045768,0.075423,2.0495381
761,3.98,2.3192189,1.6607811,41.72817
762,4.03,3.394109,0.6358912,15.778936
763,4.18,4.7572455,-0.5772457,-13.809707
764,4.2200003,4.7755127,-0.5555124,-13.1638
765,4.06,4.4417105,-0.38171053,-9.401737
766,3.8600001,4.26556,-0.40556002,-10.506736
767,3.65,4.0954204,-0.44542027,-12.203295
768,3.4499998,3.947872,-0.4978721,-14.431077
769,3.6200001,4.0210724,-0.40107226,-11.079344
770,4.2599998,4.488141,-0.22814131,-5.35543
771,4.98,4.9370313,0.04296875,0.8628263
772,5.3799996,5.3283777,0.051621914,0.9595152
773,5.4500003,5.443365,0.006635189,0.121746585
774,0.0,5.169673,-5.169673,-inf
775,4.8599997,4.9769177,-0.11691809,-2.4057221
776,4.75,4.937461,-0.1874609,-3.9465454
777,5.1,4.981187,0.11881304,2.3296676
778,5.3799996,5.4286556,-0.048655987,-0.9043864
779,5.83,6.190021,-0.3600211,-6.1753197
780,6.53,6.895743,-0.36574268,-5.60096
781,6.25,6.7437534,-0.49375343,-7.900055
782,5.56,6.097154,-0.5371542,-9.661047
783,5.32,5.824184,-0.50418377,-9.4771385
784,5.12,5.6793027,-0.5593028,-10.923883
785,5.55,5.923032,-0.37303162,-6.72129
786,6.32,6.5658503,-0.24585009,-3.890033
787,6.88,6.9374123,-0.057412148,-0.8344789
788,9.36,8.855424,0.5045757,5.3907666
789,10.38,9.931621,0.44837952,4.3196483
790,10.490001,10.01137,0.47863102,4.562736
791,9.82,9.47965,0.34035015,3.4658875
792,9.68,9.335546,0.34445477,3.558417
793,9.36,8.825251,0.53474903,5.713131
794,8.860001,8.524242,0.3357582,3.7895958
795,8.349999,8.248694,0.10130501,1.2132337
796,7.92,7.91123,0.008769989,0.11073218
797,7.6199994,7.6804404,-0.060441017,-0.7931893
798,7.75,7.699108,0.050891876,0.6566694
799,8.099999,8.09214,0.00785923,0.09702754
800,8.450001,8.29504,0.15496063,1.8338535
801,9.02,8.784695,0.23530579,2.6087115
802,9.84,9.940398,-0.10039806,-1.0203055
803,10.2,10.111168,0.0888319,0.870901
804,10.32,10.101069,0.21893024,2.1214173
805,10.62,10.383603,0.23639679,2.2259586
806,11.27,11.107002,0.1629982,1.4463016
807,11.8,11.485294,0.31470585,2.6669986
808,11.78,11.640557,0.13944244,1.183722
809,11.7300005,6.0348854,5.695115,48.551704
810,11.93,12.830112,-0.90011215,-7.5449467
811,12.179999,13.904997,-1.7249975,-14.162542
812,12.690001,12.280961,0.4090395,3.2233212
813,12.57,12.628721,-0.058721542,-0.4671563
814,11.98,11.491186,0.4888134,4.0802455
815,11.320001,11.297389,0.022611618,0.19974928
816,10.67,10.681955,-0.011955261,-0.11204556
817,10.339999,10.274578,0.065421104,0.6326993
818,10.070001,10.132576,-0.06257534,-0.6214035
819,9.63,9.71344,-0.08343983,-0.86645716
820,9.45,9.467882,-0.017882347,-0.18923119
821,9.08,9.198709,-0.11870861,-1.3073635
822,8.9,9.017344,-0.117344856,-1.3184816
823,8.83,8.907524,-0.077524185,-0.87796354
824,9.280001,9.169086,0.11091423,1.1951964
825,10.72,10.430801,0.28919888,2.6977506
826,12.25,11.648727,0.6012726,4.9083476
827,13.27,13.167822,0.10217857,0.76999676
828,13.7,12.711365,0.98863506,7.2163143
829,13.82,12.828255,0.991745,7.176158
830,13.42,12.44853,0.9714699,7.2389708
831,13.03,12.151602,0.87839794,6.74135
832,12.57,11.739304,0.8306961,6.6085615
833,11.7300005,11.445132,0.28486824,2.428544
834,10.93,10.711005,0.2189951,2.003615
835,10.17,10.033143,0.13685703,1.3456935
836,9.67,9.552794,0.11720562,1.2120539
837,9.55,9.551521,-0.0015211105,-0.015927859
838,9.68,9.226399,0.45360088,4.6859593
839,10.25,9.642872,0.60712814,5.9232016
840,10.26,9.965218,0.29478264,2.873125
841,9.75,9.488179,0.2618208,2.6853414
842,9.15,9.023656,0.12634373,1.3808059
843,8.69,8.688998,0.001001358,0.011523108
844,8.2,8.196357,0.003643036,0.04442727
845,7.8,7.8154836,-0.015483379,-0.19850487
846,7.7200003,7.6702657,0.049734592,0.6442305
847,8.0,7.784691,0.21530914,2.6913643
848,8.62,8.206047,0.41395283,4.802237
849,8.9,8.840026,0.059973717,0.67386204
850,8.53,8.463451,0.06654835,0.78016824
851,8.349999,8.352936,-0.0029363632,-0.03516603
852,8.12,8.187057,-0.067056656,-0.82582086
853,7.7200003,7.862371,-0.1423707,-1.84418
854,7.28,7.430414,-0.15041399,-2.066126
855,6.96,7.1345167,-0.17451668,-2.5074236
856,6.56,6.7704177,-0.21041775,-3.2075877
857,6.2400002,6.3718243,-0.13182402,-2.1125643
858,5.96,6.0745397,-0.11453962,-1.9218057
859,5.76,5.873005,-0.113004684,-1.9618869
860,5.53,5.6971054,-0.1671052,-3.0217936
861,5.3799996,5.509281,-0.12928152,-2.4030025
862,0.0,5.299108,-5.299108,-inf
863,5.23,2.1890883,3.0409117,58.143627
864,5.23,5.4437923,-0.21379232,-4.087807
865,4.96,5.45361,-0.4936099,-9.951813
866,4.9,4.506559,0.3934412,8.029411
867,4.75,4.4234138,0.32658625,6.8755
868,4.58,4.422194,0.15780592,3.445544
869,4.4300003,4.188841,0.24115944,5.4437795
870,4.3300004,4.084034,0.24596643,5.6805177
871,4.4300003,4.136554,0.29344654,6.624075
872,4.23,4.124958,0.10504198,2.4832618
873,4.18,4.0703926,0.10960722,2.6221824
874,4.02,3.9761066,0.043893337,1.0918741
875,4.08,3.9994888,0.08051109,1.9733112
876,4.63,4.032386,0.5976143,12.907435
877,4.75,5.031708,-0.28170776,-5.93069
878,4.75,5.2885456,-0.5385456,-11.337803
879,4.45,4.973376,-0.523376,-11.761258
880,4.3300004,4.783107,-0.4531064,-10.46435
881,4.18,4.6759787,-0.49597883,-11.865522
882,4.03,4.534279,-0.50427866,-12.513118
883,3.8300002,4.3336835,-0.5036833,-13.151
884,3.7800002,4.2195754,-0.4395752,-11.628973
885,3.72,4.0977287,-0.3777287,-10.153997
886,3.56,3.8784292,-0.31842923,-8.944642
887,3.24,3.5632703,-0.32327032,-9.977479
888,2.92,3.279506,-0.3595059,-12.311845
889,2.65,3.045669,-0.39566898,-14.930904
890,2.55,2.9039004,-0.35390043,-13.8784485
891,2.48,2.83508,-0.3550799,-14.317738
892,2.51,2.831595,-0.32159495,-12.812548
893,2.56,2.8415077,-0.28150773,-10.996396
894,2.52,2.8355887,-0.3155887,-12.523362
895,2.51,2.8108742,-0.30087423,-11.987021
896,2.34,2.6768486,-0.33684874,-14.395246
897,2.1000001,2.3968158,-0.29681563,-14.134076
898,1.9599999,2.3400402,-0.3800403,-19.38981
899,2.1399999,2.4081564,-0.26815653,-12.53068
900,2.22,2.5482416,-0.3282416,-14.785656
901,2.31,2.6486878,-0.3386879,-14.661815
902,2.3200002,2.6834192,-0.36341906,-15.664614
903,2.3,2.6597223,-0.35972238,-15.640104
904,2.26,2.6184337,-0.35843372,-15.859899
905,2.27,2.5848548,-0.31485486,-13.870258
906,2.24,2.535105,-0.29510498,-13.17433
907,2.19,2.4682791,-0.27827907,-12.706806
908,2.1799998,2.3170297,-0.13702989,-6.2857757
909,1.9000001,2.1522534,-0.2522533,-13.276489
910,1.73,1.9847431,-0.2547431,-14.725034
911,1.5999999,1.8519696,-0.2519697,-15.748108
912,1.5600001,1.8427238,-0.28272378,-18.123318
913,1.6999999,1.879404,-0.17940402,-10.553178
914,1.7700001,1.9249603,-0.15496016,-8.75481
915,1.82,1.9290283,-0.10902822,-5.9905615
916,1.82,1.9167085,-0.09670842,-5.313649
917,1.82,1.8572718,-0.037271738,-2.0478976
918,1.72,1.8608099,-0.1408099,-8.186622
919,1.58,1.8113683,-0.2313683,-14.643563
920,1.52,1.6505581,-0.13055813,-8.589352
921,1.51,1.5504729,-0.040472865,-2.6803222
922,1.4499999,1.5352045,-0.0852046,-5.8761797
923,1.4,1.4506266,-0.050626636,-3.6161885
924,1.4,1.4989085,-0.09890854,-7.064896
925,1.4,1.4909135,-0.090913534,-6.493824
926,1.3100001,1.4487143,-0.1387142,-10.588869
927,1.3100001,1.4359071,-0.12590706,-9.611226
928,1.4100001,1.4978564,-0.08785629,-6.2309427
929,1.44,1.4760888,-0.036088705,-2.50616
930,1.4,1.4691746,-0.06917465,-4.941046
931,1.42,1.5233885,-0.10338855,-7.280884
932,1.5,1.575154,-0.07515395,-5.0102634
933,1.55,1.6082909,-0.05829096,-3.760707
934,1.5999999,1.6033657,-0.003365755,-0.21035972
935,1.58,1.5799809,1.9192696e-05,0.0012147275
936,1.53,1.5870475,-0.057047486,-3.7285938
937,2.16,1.5119995,0.6480006,30.000025
938,2.15,2.4948828,-0.34488273,-16.041058
939,2.0600002,2.7775505,-0.7175503,-34.832535
940,2.08,2.6882837,-0.60828376,-29.244413
941,2.08,2.6209726,-0.5409727,-26.008305
942,2.05,2.589784,-0.53978395,-26.330925
943,2.04,2.5501294,-0.51012945,-25.006346
944,1.8799999,2.314329,-0.43432903,-23.10261
945,1.55,2.0899367,-0.5399368,-34.834633
946,1.27,1.7984661,-0.5284661,-41.611504
947,1.1,1.6762344,-0.57623434,-52.384937
948,1.3,1.8927587,-0.5927588,-45.59683
949,1.85,2.001317,-0.151317,-8.179297
950,1.9300001,1.9883822,-0.058382154,-3.024982
951,1.9000001,1.9448335,-0.04483342,-2.3596537
952,1.8,1.8261482,-0.0261482,-1.4526778
953,1.65,1.6814002,-0.031400204,-1.9030428
954,1.5,1.6691658,-0.16916585,-11.277723
955,1.48,1.6332922,-0.15329218,-10.357579
956,1.43,1.5936717,-0.16367173,-11.445576
957,1.44,1.6136905,-0.17369044,-12.061836
958,1.44,1.5445209,-0.1045208,-7.2583885
959,1.36,1.5373669,-0.17736685,-13.041679
960,1.28,1.4944959,-0.2144959,-16.757492
961,1.24,1.4579191,-0.21791911,-17.574121
962,1.26,1.493252,-0.23325205,-18.512068
963,1.35,1.5443171,-0.1943171,-14.393859
964,1.4499999,1.5853075,-0.13530755,-9.331555
965,1.58,1.6363667,-0.056366682,-3.5675116
966,1.51,1.5900147,-0.080014706,-5.298987
967,1.43,1.5046716,-0.074671626,-5.221792
968,1.36,1.4402585,-0.08025849,-5.9013596
969,1.33,1.405359,-0.07535899,-5.666089
970,0.0,1.3626474,-1.3626474,-inf
971,1.23,0.12504603,1.104954,89.83366
972,1.12,0.8814426,0.2385574,21.299767
973,1.08,1.4977429,-0.41774285,-38.679893
974,1.1,1.4061033,-0.30610323,-27.827566
975,1.0500001,1.3305714,-0.28057134,-26.721079
976,1.14,1.4197377,-0.2797377,-24.538397
977,1.17,1.4730728,-0.3030728,-25.90366
978,1.26,1.5513881,-0.29138815,-23.126045
979,1.4499999,1.7120796,-0.26207972,-18.074463
980,1.66,1.7840145,-0.1240145,-7.470753
981,0.0,1.7158408,-1.7158408,-inf
982,0.0,0.31465116,-0.31465116,-inf
983,0.0,-0.28165722,0.28165722,inf
984,0.0,-0.2353509,0.2353509,inf
985,0.79999995,-0.07213252,0.8721325,109.01656
986,0.78000003,1.2082571,-0.42825705,-54.904747
987,0.78000003,1.4624301,-0.6824301,-87.491035
988,0.78000003,1.3353052,-0.5553052,-71.19297
989,0.78000003,1.2863172,-0.5063172,-64.91245
990,0.82,1.3173022,-0.49730223,-60.646618
991,0.84999996,1.3231814,-0.47318143,-55.668407
992,0.84999996,1.263211,-0.41321105,-48.613064
993,0.83,1.1920029,-0.3620029,-43.614807
994,0.79999995,1.181814,-0.381814,-47.726753
995,0.88000005,1.2119062,-0.33190614,-37.716602
996,0.96,1.0731292,-0.1131292,-11.784292
997,1.25,1.5833828,-0.33338284,-26.67063
998,1.6999999,1.9407282,-0.24072826,-14.160487
999,1.9300001,2.1153822,-0.18538213,-9.605291
1000,0.0,1.7969615,-1.7969615,-inf
1001,2.2,0.42802918,1.7719709,80.54413
1002,2.12,1.4640629,0.65593696,30.940426
1003,2.1000001,2.3739107,-0.27391052,-13.043358
1004,2.2,2.7139778,-0.51397777,-23.362625
1005,2.1299999,2.8750246,-0.7450247,-34.977688
1006,2.0600002,2.9700508,-0.91005063,-44.17721
1007,2.0600002,3.9021947,-1.8421946,-89.42691
1008,2.03,3.7417462,-1.7117462,-84.32248
1009,2.03,3.315901,-1.2859011,-63.344883
1010,2.05,3.111506,-1.061506,-51.780785
1011,2.0,3.041283,-1.0412829,-52.064144
1012,1.9599999,2.991495,-1.031495,-52.627296
1013,1.92,2.9658415,-1.0458416,-54.470913
1014,2.1299999,2.9922187,-0.86221886,-40.479763
1015,2.24,2.98332,-0.74332,-33.18393
1016,2.15,2.9117754,-0.76177526,-35.431404
1017,2.1299999,2.9089622,-0.7789624,-36.571007
1018,2.3200002,3.0112145,-0.6912143,-29.793718
1019,2.48,3.1355333,-0.6555333,-26.432795
1020,2.53,3.1215713,-0.59157133,-23.382265
1021,2.4,2.044545,0.35545516,14.810631
1022,2.2,1.6019974,0.5980027,27.181938
1023,2.0600002,1.8476061,0.21239412,10.310392
1024,1.98,2.3257496,-0.34574962,-17.462101
1025,1.7600001,2.604227,-0.84422696,-47.967438
1026,1.68,2.7027905,-1.0227906,-60.880394
1027,1.8,2.806319,-1.006319,-55.906616
1028,1.86,3.684072,-1.824072,-98.06839
1029,2.0600002,3.6880107,-1.6280105,-79.02963
1030,2.24,3.4462798,-1.2062798,-53.851776
1031,2.2,3.3622804,-1.1622803,-52.83092
1032,2.12,3.3552117,-1.2352118,-58.264713
1033,2.15,3.3894198,-1.2394197,-57.647427
1034,2.25,3.3819563,-1.1319563,-50.30917
1035,2.25,2.4256167,-0.17561674,-7.8051887
1036,2.35,1.9554344,0.39456546,16.79002
1037,2.3799999,2.061477,0.31852293,13.383317
1038,2.28,2.444096,-0.16409612,-7.1971984
1039,2.25,2.827855,-0.5778551,-25.68245
1040,2.1799998,2.9902604,-0.81026053,-37.16792
1041,2.05,2.89973,-0.84973,-41.450245
1042,1.66,3.8230803,-2.1630802,-130.30605
1043,1.43,3.7053895,-2.2753897,-159.11816
1044,1.4499999,3.402503,-1.9525031,-134.6554
1045,1.55,3.3716984,-1.8216984,-117.52894
1046,1.5999999,3.4585524,-1.8585525,-116.15953
1047,1.5999999,3.458447,-1.8584471,-116.152954
1048,1.63,3.4141726,-1.7841727,-109.45845
1049,1.5600001,3.2453728,-1.6853727,-108.03671
1050,1.48,3.1015594,-1.6215594,-109.56482
1051,1.53,2.9779913,-1.4479914,-94.63996
1052,1.5600001,2.8898535,-1.3298534,-85.24701
1053,1.63,2.8253794,-1.1953794,-73.33616
1054,1.72,2.8326693,-1.1126692,-64.69007
1055,1.8399999,2.7877543,-0.9477544,-51.508392
1056,1.8399999,2.8112757,-0.9712758,-52.78673
1057,1.8299999,2.7634032,-0.93340325,-51.005642
1058,1.8399999,2.6599636,-0.8199637,-44.563248
1059,1.8299999,2.5550694,-0.7250695,-39.62129
1060,1.72,2.4077032,-0.68770313,-39.98274
1061,1.5699999,2.205475,-0.63547516,-40.476124
1062,1.48,2.0971477,-0.6171477,-41.69917
1063,1.53,1.9970368,-0.46703684,-30.525286
1064,1.53,1.9243222,-0.39432228,-25.7727
1065,1.62,1.9679,-0.34790003,-21.475311
1066,1.74,1.9598006,-0.21980059,-12.632218
1067,1.65,1.8057187,-0.15571868,-9.437496
1068,1.5400001,1.7228875,-0.18288743,-11.875807
1069,1.53,1.774995,-0.244995,-16.012745
1070,1.46,0.82910943,0.6308906,43.211685
1071,1.42,0.40001824,1.0199817,71.8297
1072,1.53,0.7826524,0.7473476,48.84625
1073,1.66,1.684683,-0.024682999,-1.4869276
1074,1.78,2.506048,-0.726048,-40.789215
1075,1.78,2.9757829,-1.1957829,-67.17882
1076,1.73,3.0189285,-1.2889285,-74.50454
1077,1.73,4.6859517,-2.9559517,-170.86426
1078,1.92,4.511413,-2.591413,-134.96944
1079,1.98,4.0582337,-2.0782337,-104.9613
1080,2.12,3.9350672,-1.8150673,-85.61639
1081,2.3200002,4.1856093,-1.8656092,-80.414185
1082,3.02,4.5722666,-1.5522666,-51.39956
1083,3.18,4.4641905,-1.2841904,-40.383347
1084,3.3400002,4.6542864,-1.3142862,-39.349888
1085,3.82,4.8516307,-1.0316308,-27.006042
1086,3.7599998,4.6832705,-0.9232707,-24.555073
1087,3.56,4.384122,-0.82412195,-23.149494
1088,12.2,4.2408843,7.9591155,65.238655
1089,12.2,17.855736,-5.655736,-46.358494
1090,12.2,10.202343,1.9976568,16.374237
1091,12.2,11.89824,0.30175972,2.4734404
1092,12.2,12.4239435,-0.22394371,-1.8356042
1093,12.2,11.732094,0.467906,3.8352952
1094,12.2,12.250738,-0.050738335,-0.415888
1095,12.2,12.274323,-0.074323654,-0.60921025
1096,12.2,12.103403,0.09659672,0.79177636
1097,12.2,12.175564,0.024435997,0.20029505
1098,12.2,12.164119,0.035881042,0.29410693
1099,12.2,12.132392,0.06760788,0.554163
1100,12.2,12.13138,0.06861973,0.5624568
1101,12.2,12.112375,0.08762455,0.718234
1102,12.2,12.095686,0.10431385,0.8550316
1103,12.2,12.086116,0.11388397,0.93347526
1104,12.2,12.075844,0.124156,1.0176721
1105,12.2,12.067893,0.13210678,1.0828425
1106,12.2,12.062034,0.13796616,1.1308702
1107,12.2,12.0569315,0.14306831,1.1726911
1108,12.2,12.0529175,0.14708233,1.2055929
1109,12.2,12.04976,0.15023994,1.231475
1110,12.2,12.047183,0.15281677,1.2525965
1111,12.2,12.045155,0.15484524,1.2692232
1112,12.2,12.043562,0.15643787,1.2822777
1113,12.2,12.042296,0.1577034,1.2926508
1114,12.2,12.041305,0.15869522,1.3007805
1115,12.2,12.040527,0.15947247,1.3071513
1116,12.2,12.039912,0.16008759,1.3121934
1117,12.2,12.039435,0.16056442,1.3161018
1118,12.2,12.039056,0.16094398,1.319213
1119,12.2,12.038759,0.16124058,1.3216441
1120,12.2,12.0385275,0.16147232,1.3235437
1121,12.2,12.038341,0.16165924,1.3250757
1122,12.2,12.0381975,0.16180229,1.3262483
1123,12.2,12.038082,0.16191769,1.3271942
1124,12.2,12.037995,0.16200447,1.3279055
1125,12.2,12.037923,0.16207695,1.3284996
1126,12.2,12.037867,0.16213322,1.3289608
1127,12.2,12.037824,0.16217613,1.3293126
1128,12.2,12.037787,0.16221237,1.3296096
1129,12.2,12.03776,0.16224003,1.3298364
1130,12.2,12.037736,0.16226387,1.3300318
1131,12.2,12.03772,0.16228008,1.3301647
1132,12.2,12.037706,0.16229343,1.3302741
1133,12.2,12.037697,0.16230297,1.3303522
1134,12.2,12.037688,0.16231155,1.3304226
1135,12.2,12.037682,0.16231823,1.3304772
1136,12.2,12.037677,0.162323,1.3305163
1137,12.2,12.03767,0.16232967,1.3305712
1138,12.2,12.037665,0.16233444,1.3306102
1139,12.2,12.037661,0.16233921,1.3306493
1140,12.2,12.037659,0.16234112,1.330665
1141,12.2,12.037658,0.16234207,1.3306727
1142,12.2,12.037656,0.16234398,1.3306884
1143,12.2,12.037656,0.16234398,1.3306884
1144,12.2,12.037654,0.16234589,1.330704
1145,12.2,12.037654,0.16234589,1.330704
1146,12.2,12.037652,0.1623478,1.3307196
1147,12.2,12.037652,0.1623478,1.3307196
1148,12.2,12.037652,0.1623478,1.3307196
1149,12.2,12.037652,0.1623478,1.3307196
1150,12.2,12.037652,0.1623478,1.3307196
1151,12.2,12.037652,0.1623478,1.3307196
1152,12.2,12.037652,0.1623478,1.3307196
1153,12.2,12.037652,0.1623478,1.3307196
1154,12.2,12.037652,0.1623478,1.3307196
1155,12.2,12.037652,0.1623478,1.3307196
1156,12.2,12.037652,0.1623478,1.3307196
1157,12.2,12.037652,0.1623478,1.3307196
1158,12.2,12.037652,0.1623478,1.3307196
1159,12.2,12.037652,0.1623478,1.3307196
1160,12.2,12.037652,0.1623478,1.3307196
1161,12.2,12.037652,0.1623478,1.3307196
1162,12.2,12.037652,0.1623478,1.3307196
1163,12.2,12.037652,0.1623478,1.3307196
1164,12.2,12.037652,0.1623478,1.3307196
1165,12.2,12.037652,0.1623478,1.3307196
1166,12.2,12.037652,0.1623478,1.3307196
1167,12.2,12.037652,0.1623478,1.3307196
1168,12.2,12.037652,0.1623478,1.3307196
1169,12.2,12.037652,0.1623478,1.3307196
1170,12.2,12.037652,0.1623478,1.3307196
1171,12.2,12.037652,0.1623478,1.3307196
1172,12.2,12.037652,0.1623478,1.3307196
1173,12.2,12.037652,0.1623478,1.3307196
1174,12.2,12.037652,0.1623478,1.3307196
1175,12.2,12.037652,0.1623478,1.3307196
1176,12.2,12.037652,0.1623478,1.3307196
1177,12.2,12.037652,0.1623478,1.3307196
1178,12.2,12.037652,0.1623478,1.3307196
1179,12.2,12.037652,0.1623478,1.3307196
1180,12.2,12.037652,0.1623478,1.3307196
1181,12.2,12.037652,0.1623478,1.3307196
1182,12.2,12.037652,0.1623478,1.3307196
1183,12.2,12.037652,0.1623478,1.3307196
1184,12.2,12.037652,0.1623478,1.3307196
1185,12.2,12.037652,0.1623478,1.3307196
1186,12.2,12.037652,0.1623478,1.3307196
1187,12.2,12.037652,0.1623478,1.3307196
1188,12.2,12.037652,0.1623478,1.3307196
1189,12.2,12.037652,0.1623478,1.3307196
1190,12.2,12.037652,0.1623478,1.3307196
1191,12.2,12.037652,0.1623478,1.3307196
1192,12.2,12.037652,0.1623478,1.3307196
1193,12.2,12.037652,0.1623478,1.3307196
1194,12.2,12.037652,0.1623478,1.3307196
1195,12.2,12.037652,0.1623478,1.3307196
1196,12.2,12.037652,0.1623478,1.3307196
1197,12.2,12.037652,0.1623478,1.3307196
1198,12.2,12.037652,0.1623478,1.3307196
1199,12.2,12.037652,0.1623478,1.3307196
1200,12.2,12.037652,0.1623478,1.3307196
1201,12.2,12.037652,0.1623478,1.3307196
1202,12.2,12.037652,0.1623478,1.3307196
1203,12.2,12.037652,0.1623478,1.3307196
1204,12.2,12.037652,0.1623478,1.3307196
1205,12.2,12.037652,0.1623478,1.3307196
1206,12.2,12.037652,0.1623478,1.3307196
1207,12.2,12.037652,0.1623478,1.3307196
1208,12.2,12.037652,0.1623478,1.3307196
1209,12.2,12.037652,0.1623478,1.3307196
1210,12.2,12.037652,0.1623478,1.3307196
1211,12.2,12.037652,0.1623478,1.3307196
1212,12.2,12.037652,0.1623478,1.3307196
1213,12.2,12.037652,0.1623478,1.3307196
1214,12.2,12.037652,0.1623478,1.3307196
1215,12.2,12.037652,0.1623478,1.3307196
1216,12.2,12.037652,0.1623478,1.3307196
1217,12.2,12.037652,0.1623478,1.3307196
1218,12.2,12.037652,0.1623478,1.3307196
1219,12.2,12.037652,0.1623478,1.3307196
1220,12.2,12.037652,0.1623478,1.3307196
1221,12.2,12.037652,0.1623478,1.3307196
1222,12.2,12.037652,0.1623478,1.3307196
1223,12.2,12.037652,0.1623478,1.3307196
1224,12.2,12.037652,0.1623478,1.3307196
1225,12.2,12.037652,0.1623478,1.3307196
1226,12.2,12.037652,0.1623478,1.3307196
1227,12.2,12.037652,0.1623478,1.3307196
1228,12.2,12.037652,0.1623478,1.3307196
1229,12.2,12.037652,0.1623478,1.3307196
1230,12.2,12.037652,0.1623478,1.3307196
1231,12.2,12.037652,0.1623478,1.3307196
1232,12.2,12.037652,0.1623478,1.3307196
1233,12.2,12.037652,0.1623478,1.3307196
1234,12.2,12.037652,0.1623478,1.3307196
1235,12.2,12.037652,0.1623478,1.3307196
1236,12.2,12.037652,0.1623478,1.3307196
1237,12.2,12.037652,0.1623478,1.3307196
1238,12.2,12.037652,0.1623478,1.3307196
1239,12.2,12.037652,0.1623478,1.3307196
1240,12.2,12.037652,0.1623478,1.3307196
1241,4.03,12.037652,-8.007652,-198.70103
1242,3.8300002,5.9866343,-2.156634,-56.30898
1243,3.53,5.314122,-1.7841222,-50.541706
1244,3.43,5.0856614,-1.6556613,-48.270008
1245,3.32,4.615446,-1.2954462,-39.019463
1246,3.36,4.3768706,-1.0168707,-30.264011
1247,3.6200001,4.3944216,-0.77442145,-21.392857
1248,3.6200001,4.3732347,-0.7532346,-20.807585
1249,3.44,4.192819,-0.75281906,-21.884274
1250,3.35,4.0691133,-0.71911335,-21.46607
1251,3.16,3.9517903,-0.79179025,-25.056652
1252,3.3300002,4.018414,-0.68841386,-20.673088
1253,3.35,4.06511,-0.7151103,-21.346577
1254,3.7800002,4.353709,-0.573709,-15.177486
1255,0.0,4.4438305,-4.4438305,-inf
1256,0.0,1.4359641,-1.4359641,-inf
1257,0.0,0.121391945,-0.121391945,-inf
1258,0.0,0.0057348516,-0.0057348516,-inf
1259,3.1499999,0.15041505,2.999585,95.22492
1260,2.95,3.7414749,-0.7914748,-26.829655
1261,2.8300002,4.1195016,-1.2895014,-45.56542
1262,2.65,3.5378807,-0.88788056,-33.50493
1263,2.53,3.33029,-0.8002901,-31.63202
1264,2.5700002,3.323013,-0.7530129,-29.300112
1265,2.78,3.402051,-0.622051,-22.375935
1266,2.95,3.4691625,-0.5191624,-17.598726
1267,2.98,3.4616096,-0.48160958,-16.161396
1268,2.81,3.2996314,-0.4896314,-17.424606
1269,2.66,3.1076758,-0.4476757,-16.829914
1270,2.5,2.924559,-0.42455912,-16.982365
1271,2.5,2.8605573,-0.36055732,-14.422293
1272,2.42,2.702249,-0.28224897,-11.66318
1273,2.1799998,2.555189,-0.37518907,-17.210508
1274,2.0600002,2.5039954,-0.44399524,-21.553165
1275,2.0600002,2.4739702,-0.41397,-20.095629
1276,2.15,2.4940789,-0.34407878,-16.003664
1277,2.1299999,2.4886708,-0.35867095,-16.839012
1278,2.1000001,2.4365728,-0.33657265,-16.027267
1279,2.03,2.362544,-0.3325441,-16.381483
1280,1.95,2.3267412,-0.37674117,-19.32006
1281,1.95,2.3057187,-0.3557186,-18.24198
1282,2.02,2.347118,-0.32711792,-16.193956
1283,2.3600001,2.6104155,-0.25041533,-10.610818
1284,2.66,2.8709035,-0.2109034,-7.9286995
1285,2.65,2.9145808,-0.26458073,-9.984179
1286,2.42,2.7870936,-0.36709356,-15.169155
1287,2.16,2.5356383,-0.37563825,-17.39066
1288,1.95,2.2650657,-0.31506562,-16.157211
1289,1.85,2.1945865,-0.3445865,-18.626297
1290,2.15,2.4364393,-0.28643918,-13.322753
1291,2.66,2.7688005,-0.10880041,-4.090241
1292,2.75,2.9637768,-0.21377683,-7.7737026
1293,2.6200001,2.8734586,-0.2534585,-9.673988
1294,2.45,2.7690098,-0.31900978,-13.020807
1295,2.3,2.6613576,-0.3613577,-15.711205
1296,2.3200002,2.6373792,-0.317379,-13.680129
1297,2.26,2.611809,-0.35180902,-15.566771
1298,0.0,2.5164468,-2.5164468,-inf
1299,0.0,0.5351149,-0.5351149,-inf
1300,0.0,-0.33376843,0.33376843,inf
1301,2.1299999,-0.3184939,2.4484937,114.95277
