date_gmt,Min,AVG,Max,1992.93,2003.04,2006.07,2007.08,2008.09,2009.10,2010.11,2011.12,2012.13,2013.14,2014.15,2015.16,2016.17,2017.18,2018.19,2019.20,2020.21,2021.22,2022.23,2023.24,2024.25,2025.26,station_code,station_name,timestamp
2024-11-01,1.44,5.69,9.94,6.21,4.27,5.56,5.99,6.08,3.96,5.68,4.42,4.82,6.22,4.63,3.93,4.32,6.89,5.9,1.39,2.89,3.42,3.45,4.63,4.03,5.24,NON,Nongkhai,2025-11-11 14:47:06.064341
2024-11-02,1.52,5.55,9.58,6.02,4.19,5.41,5.8,6.41,3.73,5.65,4.78,4.85,5.92,4.44,3.9,4.26,6.75,5.73,1.52,3.15,3.42,3.49,4.75,3.83,5.12,NON,Nongkhai,2025-11-11 14:47:06.064341
2024-11-03,1.47,5.25,9.03,5.69,4.18,5.27,5.65,6.84,3.62,5.72,5.26,4.8,5.75,4.3,3.92,4.23,6.68,5.66,1.52,3.07,3.23,3.46,4.75,3.53,4.98,NON,Nongkhai,2025-11-11 14:47:06.064341
2024-11-04,1.32,4.93,8.54,5.37,4.16,5.14,5.58,6.82,3.62,5.68,5.46,4.66,5.79,4.19,3.73,4.28,6.53,5.46,1.32,2.73,3.2,3.38,4.45,3.43,4.93,NON,Nongkhai,2025-11-11 14:47:06.064341
2024-11-05,1.12,4.76,8.41,5.05,4.11,5.02,5.57,6.98,3.6,5.52,5.26,4.58,5.98,4.12,3.48,4.03,6.27,5.46,1.12,2.48,3.34,3.54,4.33,3.32,4.83,NON,Nongkhai,2025-11-11 14:47:06.064341
2024-11-06,1.1,5.1,9.1,4.78,4.08,4.9,5.54,7.48,3.65,5.2,4.91,4.58,6.05,4.25,3.42,3.83,5.88,5.6,1.1,2.44,3.52,3.7,4.18,3.36,4.95,NON,Nongkhai,2025-11-11 14:47:06.064341
2024-11-07,1.12,5.48,9.84,4.58,4.01,4.8,5.59,8.54,3.75,4.81,4.62,4.48,5.92,4.31,3.53,3.62,5.37,5.69,1.12,2.4,3.6,3.7,4.03,3.62,5.22,NON,Nongkhai,2025-11-11 14:47:06.064341
2024-11-08,1.12,5.52,9.93,4.53,3.86,4.7,5.86,8.57,3.87,4.66,4.46,4.17,5.72,4.42,3.55,3.63,4.98,5.66,0.0,2.43,3.65,3.46,3.83,3.62,5.22,NON,Nongkhai,2025-11-11 14:47:06.064341
2024-11-09,1.14,5.3,9.45,4.27,3.71,4.6,6.18,8.65,3.95,4.62,4.52,3.88,5.56,4.52,3.45,4.1,4.84,5.4,0.0,2.52,3.79,2.95,3.78,3.44,4.98,NON,Nongkhai,2025-11-11 14:47:06.064341
2024-11-10,1.18,5.01,8.83,4.11,3.59,4.53,5.94,8.44,3.9,4.51,4.64,3.64,5.42,4.66,3.32,5.88,4.89,5.13,0.0,2.74,3.79,2.7,3.72,3.35,4.96,NON,Nongkhai,2025-11-11 14:47:06.064341
2024-11-11,1.19,4.73,8.27,4.0,3.53,4.43,5.4,8.02,3.75,4.32,4.66,3.63,5.28,4.78,3.23,6.26,4.91,4.92,1.2,2.85,3.64,2.45,3.56,3.16,5.13,NON,Nongkhai,2025-11-11 14:47:06.064341
2024-11-12,1.17,4.45,7.72,3.91,3.53,4.34,4.86,7.56,3.54,4.18,4.63,3.66,5.16,4.94,3.12,6.04,4.9,4.7,1.17,2.93,3.31,2.3,3.24,3.33,0.0,NON,Nongkhai,2025-11-11 14:47:06.064341
2024-11-13,1.18,4.25,7.31,3.81,3.54,4.25,4.53,7.17,3.32,4.08,4.52,3.66,5.06,4.78,2.94,5.69,4.83,4.6,1.18,2.84,3.17,2.34,2.92,3.35,0.0,NON,Nongkhai,2025-11-11 14:47:06.064341
2024-11-14,1.19,4.06,6.93,3.73,3.51,4.18,4.44,6.73,3.11,3.96,4.41,3.64,4.96,4.54,2.82,6.02,4.77,4.36,1.18,2.73,3.0,2.46,2.65,3.78,0.0,NON,Nongkhai,2025-11-11 14:47:06.064341
2024-11-15,1.22,3.93,6.63,3.7,3.38,4.12,4.43,6.37,2.98,3.86,4.43,3.59,4.89,4.34,2.73,6.46,4.79,4.17,1.22,2.32,2.9,2.53,2.55,0.0,0.0,NON,Nongkhai,2025-11-11 14:47:06.064341
2024-11-16,1.21,3.96,6.71,3.73,3.21,4.06,4.38,6.16,2.92,3.78,4.41,3.44,4.81,4.09,2.68,6.42,4.79,4.02,1.22,2.22,2.78,2.68,2.48,0.0,0.0,NON,Nongkhai,2025-11-11 14:47:06.064341
2024-11-17,1.19,4.27,7.36,3.78,3.09,3.99,4.32,5.81,2.91,3.7,4.26,3.28,4.76,3.88,2.75,6.43,4.74,3.9,1.19,2.32,2.85,2.66,2.51,0.0,0.0,NON,Nongkhai,2025-11-11 14:47:06.064341
2024-11-18,1.16,4.53,7.9,3.71,2.98,3.92,4.28,5.58,2.96,3.64,4.0,3.17,4.71,3.67,2.92,6.32,4.66,3.7,1.18,2.42,2.9,2.52,2.56,0.0,0.0,NON,Nongkhai,2025-11-11 14:47:06.064341
2024-11-19,1.11,4.65,8.18,3.56,2.93,3.82,4.27,5.35,3.06,3.62,3.73,3.11,4.59,3.5,3.2,6.09,4.63,3.72,1.12,2.55,2.83,2.62,2.52,3.15,0.0,NON,Nongkhai,2025-11-11 14:47:06.064341
2024-11-20,1.05,4.71,8.37,3.44,2.94,3.72,4.2,5.17,3.04,3.61,3.56,3.12,4.56,3.39,3.52,5.75,4.49,3.7,1.06,2.67,2.66,2.68,2.51,2.95,0.0,NON,Nongkhai,2025-11-11 14:47:06.064341
2024-11-21,1.06,4.54,8.03,3.34,3.0,3.71,4.15,5.03,2.92,3.59,3.4,3.16,4.56,3.38,3.48,5.44,4.43,3.62,1.0,2.48,2.6,2.52,2.34,2.83,0.0,NON,Nongkhai,2025-11-11 14:47:06.064341
2024-11-22,1.12,4.31,7.5,3.24,3.0,3.76,4.14,4.92,2.8,3.53,3.29,3.22,4.6,3.46,3.21,5.06,4.34,3.48,1.12,2.31,2.63,2.5,2.1,2.65,0.0,NON,Nongkhai,2025-11-11 14:47:06.064341
2024-11-23,1.09,4.05,7.0,3.15,2.96,3.7,4.12,4.81,2.76,3.49,3.21,3.26,4.6,3.8,3.04,4.57,4.27,3.45,1.12,2.2,2.62,2.5,1.96,2.53,0.0,NON,Nongkhai,2025-11-11 14:47:06.064341
2024-11-24,1.07,3.89,6.71,3.08,2.9,3.61,3.96,4.68,2.72,3.43,3.17,3.2,4.65,3.84,3.06,4.23,4.3,3.46,1.05,2.15,2.46,2.54,2.14,2.57,0.0,NON,Nongkhai,2025-11-11 14:47:06.064341
2024-11-25,1.14,3.95,6.77,3.02,2.81,3.53,3.69,4.62,2.68,3.35,3.19,3.16,4.73,3.9,3.04,4.12,4.37,3.56,1.1,2.02,2.43,2.64,2.22,2.78,0.0,NON,Nongkhai,2025-11-11 14:47:06.064341
2024-11-26,1.25,3.98,6.72,2.96,2.79,3.5,3.56,4.61,2.62,3.26,3.32,3.1,4.8,3.8,2.99,4.02,4.26,3.79,1.21,1.93,2.52,2.63,2.31,2.95,0.0,NON,Nongkhai,2025-11-11 14:47:06.064341
2024-11-27,1.32,3.92,6.52,2.89,2.82,3.48,3.46,4.49,2.57,3.19,3.34,3.0,4.77,3.8,2.96,3.91,4.22,3.71,1.33,1.89,2.53,2.48,2.32,2.98,0.0,NON,Nongkhai,2025-11-11 14:47:06.064341
2024-11-28,1.32,3.78,6.25,2.85,2.89,3.53,3.44,4.26,2.56,3.14,3.19,2.93,4.67,3.86,2.9,3.83,4.23,3.71,1.3,1.79,2.35,2.46,2.3,2.81,0.0,NON,Nongkhai,2025-11-11 14:47:06.064341
2024-11-29,1.37,3.65,5.92,2.8,2.89,3.5,3.44,4.12,2.56,3.08,3.06,2.91,4.58,3.87,2.8,3.87,4.63,3.61,1.34,1.69,2.2,2.48,2.26,2.66,0.0,NON,Nongkhai,2025-11-11 14:47:06.064341
2024-11-30,1.47,3.54,5.61,2.77,2.88,3.37,3.37,4.03,2.58,3.0,3.02,2.94,4.5,3.84,2.63,3.73,5.44,3.56,1.46,1.68,2.0,2.58,2.27,2.5,0.0,NON,Nongkhai,2025-11-11 14:47:06.064341
2024-12-01,1.47,3.65,5.83,2.77,2.83,3.26,3.26,4.02,2.58,2.98,3.02,3.08,4.44,3.82,2.44,3.73,5.82,3.39,1.48,1.84,1.83,2.58,2.24,2.5,0.0,NON,Nongkhai,2025-11-11 14:47:06.064341
2024-12-02,1.42,3.54,5.67,3.03,2.74,3.2,3.18,4.0,2.58,2.8,3.01,3.2,4.35,3.81,2.16,3.84,5.74,3.17,1.44,1.88,1.9,2.5,2.19,2.42,0.0,NON,Nongkhai,2025-11-11 14:47:06.064341
2024-12-03,1.42,3.72,6.02,3.65,2.67,3.14,3.16,3.94,2.61,2.72,2.98,3.26,4.27,3.82,1.98,3.92,5.41,2.84,1.42,1.75,2.13,2.48,2.18,2.18,0.0,NON,Nongkhai,2025-11-11 14:47:06.064341
2024-12-04,1.42,3.65,5.88,4.0,2.62,3.08,3.12,3.82,2.6,2.68,2.94,3.14,4.22,3.82,2.03,3.84,5.08,2.62,1.44,1.65,2.18,2.42,1.9,2.06,0.0,NON,Nongkhai,2025-11-11 14:47:06.064341
2024-12-05,1.39,3.58,5.77,3.92,2.59,2.99,3.03,3.72,2.56,2.65,2.93,3.07,4.28,3.82,2.06,3.7,4.83,2.58,1.37,1.73,2.01,2.3,1.73,2.06,0.0,NON,Nongkhai,2025-11-11 14:47:06.064341
2024-12-06,1.49,3.74,5.98,3.64,2.52,2.88,2.93,3.64,2.51,2.67,2.92,3.03,4.29,3.81,2.2,3.65,4.62,2.64,1.46,1.8,1.88,2.08,1.6,2.15,0.0,NON,Nongkhai,2025-11-11 14:47:06.064341
2024-12-07,1.52,3.86,6.19,3.35,2.41,2.88,2.84,3.56,2.43,2.7,2.83,3.08,4.2,0.0,2.26,3.79,4.51,2.64,1.52,1.8,1.8,1.8,1.56,2.13,0.0,NON,Nongkhai,2025-11-11 14:47:06.064341
2024-12-08,1.47,3.77,6.07,3.11,2.32,2.9,2.8,3.53,2.36,2.7,2.73,3.2,4.06,0.0,2.52,4.01,4.32,2.59,1.48,1.68,1.72,1.71,1.7,2.1,0.0,NON,Nongkhai,2025-11-11 14:47:06.064341
2024-12-09,1.41,3.56,5.7,2.93,2.41,2.89,2.82,3.52,2.36,2.71,2.62,3.23,3.91,0.0,2.72,3.98,4.23,2.58,1.41,1.55,1.62,1.76,1.77,2.03,0.0,NON,Nongkhai,2025-11-11 14:47:06.064341
2024-12-10,1.47,3.39,5.32,2.8,2.32,2.86,2.87,3.53,2.44,2.69,2.56,3.15,3.81,0.0,2.77,3.58,4.21,2.58,1.44,1.49,1.54,1.85,1.82,1.95,0.0,NON,Nongkhai,2025-11-11 14:47:06.064341
2024-12-11,1.49,3.23,4.98,2.7,2.22,2.82,2.94,3.52,2.52,2.65,2.51,3.0,3.72,0.0,2.72,3.16,4.16,2.58,1.51,1.55,1.54,1.83,1.82,1.95,0.0,NON,Nongkhai,2025-11-11 14:47:06.064341
2024-12-12,1.39,3.07,4.74,2.62,2.12,2.8,3.04,3.47,2.6,2.65,2.47,2.84,3.7,0.0,2.6,2.6,4.17,2.57,1.4,1.61,1.56,1.84,1.82,2.02,0.0,NON,Nongkhai,2025-11-11 14:47:06.064341
2024-12-13,1.36,2.91,4.47,2.57,2.11,2.78,3.06,3.45,2.63,2.62,2.43,2.82,3.8,0.0,2.46,2.41,4.27,2.5,1.36,1.62,1.54,1.84,1.72,2.36,0.0,NON,Nongkhai,2025-11-11 14:47:06.064341
2024-12-14,1.34,2.88,4.41,2.52,2.1,2.73,3.04,3.42,2.57,2.52,2.4,2.88,3.9,0.0,2.39,2.35,4.4,2.46,1.34,1.66,1.57,1.71,1.58,2.66,0.0,NON,Nongkhai,2025-11-11 14:47:06.064341
2024-12-15,1.46,2.91,4.36,2.46,1.98,2.68,2.98,3.87,2.53,2.45,2.37,2.86,3.94,0.0,2.32,2.25,4.39,2.46,1.37,1.89,1.6,1.57,1.52,2.65,0.0,NON,Nongkhai,2025-11-11 14:47:06.064341
2024-12-16,1.51,2.99,4.47,2.42,1.98,2.66,2.88,3.32,2.6,2.42,2.33,2.78,3.99,0.0,2.2,2.11,4.22,2.58,1.57,1.99,1.71,1.54,1.51,2.42,0.0,NON,Nongkhai,2025-11-11 14:47:06.064341
2024-12-17,1.44,3.12,4.8,2.37,1.97,2.62,2.8,3.29,2.63,2.43,2.32,2.68,3.97,0.0,2.13,2.07,4.02,2.64,1.76,1.94,1.82,1.62,1.45,2.16,0.0,NON,Nongkhai,2025-11-11 14:47:06.064341
2024-12-18,1.4,3.11,4.82,2.32,1.96,2.59,2.76,3.23,2.5,2.5,2.31,2.6,4.08,0.0,2.18,2.31,3.78,2.68,1.86,1.92,1.86,1.65,1.4,1.95,0.0,NON,Nongkhai,2025-11-11 14:47:06.064341
2024-12-19,1.4,3.32,5.24,2.27,1.96,2.58,2.74,3.17,2.3,2.58,2.34,2.52,5.24,0.0,2.25,2.58,3.61,2.7,1.92,1.86,1.8,1.68,1.4,1.85,0.0,NON,Nongkhai,2025-11-11 14:47:06.064341
2024-12-20,1.38,4.05,6.72,2.25,1.97,2.54,2.74,3.08,2.16,2.76,2.34,2.46,6.72,0.0,2.25,2.58,3.5,2.68,2.07,1.85,1.82,1.68,1.4,2.15,0.0,NON,Nongkhai,2025-11-11 14:47:06.064341
2024-12-21,1.31,4.64,7.96,2.21,1.97,2.5,2.71,3.03,2.13,2.98,2.3,2.4,7.96,0.0,2.13,2.72,3.42,2.62,2.16,2.02,1.8,1.62,1.31,2.66,0.0,NON,Nongkhai,2025-11-11 14:47:06.064341
2024-12-22,1.34,4.5,7.66,2.17,1.93,2.5,2.66,2.94,2.1,3.02,2.25,2.35,7.66,0.0,2.0,2.76,3.32,2.67,2.18,2.14,1.69,1.59,1.31,2.75,0.0,NON,Nongkhai,2025-11-11 14:47:06.064341
2024-12-23,1.42,3.91,6.4,2.14,1.89,2.5,2.59,2.87,2.13,2.92,2.22,2.3,6.4,0.0,1.94,2.82,3.3,2.78,2.0,2.16,1.49,1.59,1.41,2.62,0.0,NON,Nongkhai,2025-11-11 14:47:06.064341
2024-12-24,1.38,3.48,5.58,2.1,1.88,2.44,2.54,2.77,2.18,2.73,2.21,2.28,5.58,0.0,1.92,2.96,3.22,3.02,1.78,2.14,1.39,1.58,1.44,2.45,0.0,NON,Nongkhai,2025-11-11 14:47:06.064341
2024-12-25,1.32,3.23,5.15,2.08,1.9,2.37,2.51,2.7,2.2,2.48,2.22,2.26,4.98,0.0,1.91,3.1,3.17,3.12,1.67,2.27,1.33,1.68,1.4,2.3,0.0,NON,Nongkhai,2025-11-11 14:47:06.064341
2024-12-26,1.26,3.07,4.87,2.06,1.95,2.32,2.48,2.64,2.16,2.29,2.22,2.24,4.56,0.0,1.93,3.11,3.16,3.02,1.5,2.3,1.27,1.94,1.42,2.32,0.0,NON,Nongkhai,2025-11-11 14:47:06.064341
2024-12-27,1.25,2.86,4.48,2.12,1.96,2.29,2.44,2.59,2.1,2.21,2.18,2.28,4.18,0.0,2.2,3.11,3.17,2.93,1.51,2.4,1.24,2.02,1.5,2.26,0.0,NON,Nongkhai,2025-11-11 14:47:06.064341
2024-12-28,1.27,2.78,4.29,2.31,1.95,2.29,2.42,2.55,2.05,2.19,2.18,2.32,4.02,0.0,2.4,3.12,3.2,2.82,1.52,2.55,1.27,2.03,1.55,0.0,0.0,NON,Nongkhai,2025-11-11 14:47:06.064341
2024-12-29,1.28,2.66,4.05,2.5,1.92,2.28,2.38,2.52,2.02,2.15,2.21,2.36,3.84,0.0,2.49,3.12,3.22,2.66,1.49,2.68,1.28,1.96,1.6,0.0,0.0,NON,Nongkhai,2025-11-11 14:47:06.064341
2024-12-30,1.23,2.53,3.83,2.68,1.88,2.24,2.33,2.52,2.05,2.12,2.23,2.36,3.74,0.0,2.53,3.22,3.22,2.52,1.44,2.45,1.24,1.92,1.58,0.0,0.0,NON,Nongkhai,2025-11-11 14:47:06.064341
2024-12-31,1.2,2.46,3.72,2.81,1.78,2.19,2.26,2.52,2.08,2.1,2.34,2.3,3.72,0.0,2.55,3.36,3.26,2.47,1.46,2.28,1.18,1.82,1.53,2.13,0.0,NON,Nongkhai,2025-11-11 14:47:06.064341
2025-01-01,1.22,2.45,3.69,2.87,1.74,2.14,2.22,2.53,2.08,2.09,2.48,2.32,3.68,0.0,2.57,3.39,3.19,2.32,1.51,2.23,1.18,1.62,1.44,2.16,0.0,NON,Nongkhai,2025-11-11 14:47:06.064341
2025-01-02,1.25,2.48,3.72,2.86,1.75,2.13,2.16,2.56,2.04,2.1,2.58,2.3,3.57,0.0,2.54,3.31,3.19,2.26,1.46,2.24,1.24,1.39,1.32,2.15,0.0,NON,Nongkhai,2025-11-11 14:47:06.064341
2025-01-03,1.25,2.44,3.62,2.74,1.76,2.13,2.07,2.59,1.95,2.11,2.62,2.28,3.5,0.0,2.37,3.23,3.24,2.2,1.38,1.95,1.26,1.24,1.24,2.06,0.0,NON,Nongkhai,2025-11-11 14:47:06.064341
2025-01-04,1.27,2.38,3.49,2.56,1.78,2.09,1.99,2.56,1.8,2.15,2.52,2.26,3.46,0.0,2.14,3.17,3.26,2.28,1.31,1.63,1.27,1.28,1.22,2.08,0.0,NON,Nongkhai,2025-11-11 14:47:06.064341
2025-01-05,1.27,2.65,4.03,2.4,1.82,2.03,1.93,2.55,1.69,2.19,2.3,2.24,3.45,0.0,1.96,3.14,3.26,2.5,1.46,1.58,1.27,1.32,1.24,2.08,0.0,NON,Nongkhai,2025-11-11 14:47:06.064341
2025-01-06,1.22,2.71,4.19,2.27,1.84,1.97,1.92,2.52,1.62,2.16,2.1,2.22,3.43,0.0,1.84,3.11,3.24,2.85,1.72,1.79,1.24,1.68,1.28,2.05,0.0,NON,Nongkhai,2025-11-11 14:47:06.064341
2025-01-07,1.18,2.56,3.95,2.17,1.82,1.96,1.92,2.48,1.59,2.09,2.0,2.21,3.39,0.0,1.77,3.01,3.24,3.16,1.78,2.02,1.18,1.98,1.28,2.04,0.0,NON,Nongkhai,2025-11-11 14:47:06.064341
2025-01-08,1.13,2.39,3.65,2.08,1.78,1.99,1.92,2.46,1.56,2.06,1.94,2.19,3.33,0.0,1.72,2.96,3.24,3.14,1.72,2.06,1.15,2.04,1.22,1.88,0.0,NON,Nongkhai,2025-11-11 14:47:06.064341
2025-01-09,1.06,2.23,3.41,2.01,1.71,1.99,1.91,2.46,1.56,2.06,1.92,2.18,3.21,0.0,1.67,3.04,3.36,2.98,1.83,1.86,1.06,2.03,1.15,1.55,0.0,NON,Nongkhai,2025-11-11 14:47:06.064341
2025-01-10,1.05,2.44,3.83,1.94,1.72,1.96,1.87,2.5,1.56,2.05,1.9,2.12,3.11,0.0,1.65,3.16,3.42,2.92,1.96,1.51,1.04,1.96,1.03,1.27,0.0,NON,Nongkhai,2025-11-11 14:47:06.064341
2025-01-11,1.08,2.7,4.31,1.91,1.75,1.91,1.8,2.56,1.56,2.01,1.93,2.14,3.16,0.0,1.66,3.32,3.58,3.04,1.78,1.24,1.07,1.92,0.94,1.1,0.0,NON,Nongkhai,2025-11-11 14:47:06.064341
2025-01-12,1.06,2.91,4.76,1.87,1.77,1.89,1.71,2.59,1.55,1.92,1.88,2.21,3.26,0.0,1.67,3.43,3.83,4.01,1.4,1.08,1.1,1.9,0.98,1.3,0.0,NON,Nongkhai,2025-11-11 14:47:06.064341
2025-01-13,1.01,3.13,5.25,1.84,1.78,1.92,1.68,2.62,1.52,1.87,1.8,2.23,3.26,0.0,1.65,3.43,3.77,5.13,1.18,1.02,1.12,1.96,1.04,1.85,0.0,NON,Nongkhai,2025-11-11 14:47:06.064341
2025-01-14,0.89,3.27,5.65,1.83,1.81,1.93,1.67,2.63,1.52,1.87,1.74,2.21,3.22,0.0,1.62,3.28,3.76,5.62,0.9,0.99,1.08,2.02,0.98,1.93,0.0,NON,Nongkhai,2025-11-11 14:47:06.064341
2025-01-15,0.86,3.25,5.64,1.8,1.71,1.93,1.63,2.6,1.56,1.86,1.69,2.17,3.24,0.0,1.56,3.0,3.62,5.7,0.86,0.93,1.08,2.03,0.98,1.9,0.0,NON,Nongkhai,2025-11-11 14:47:06.064341
2025-01-16,0.85,3.02,5.19,1.77,1.78,1.9,1.61,2.56,1.56,1.83,1.8,2.16,3.33,0.0,1.5,2.73,3.52,5.32,0.78,1.09,1.12,1.98,0.96,1.8,0.0,NON,Nongkhai,2025-11-11 14:47:06.064341
2025-01-17,0.97,2.72,4.47,1.76,1.75,1.83,1.59,2.52,1.56,1.83,2.06,2.22,3.44,0.0,1.41,2.61,3.34,4.47,0.96,1.13,1.09,1.88,0.9,1.65,0.0,NON,Nongkhai,2025-11-11 14:47:06.064341
2025-01-18,0.96,2.51,4.06,1.74,1.72,1.78,1.61,2.48,1.52,1.88,2.36,2.28,3.41,0.0,1.41,2.62,3.14,4.15,0.96,1.22,1.04,1.82,0.82,1.5,0.0,NON,Nongkhai,2025-11-11 14:47:06.064341
2025-01-19,0.91,2.29,3.68,1.72,1.7,1.77,1.63,2.44,1.6,2.0,2.52,2.33,3.27,0.0,1.36,2.64,3.02,3.76,0.92,1.35,1.01,1.8,0.85,1.48,0.0,NON,Nongkhai,2025-11-11 14:47:06.064341
2025-01-20,0.87,2.14,3.4,1.7,1.66,1.75,1.6,2.4,1.74,2.19,2.6,2.33,3.16,0.0,1.39,2.48,3.02,3.42,0.88,1.47,1.0,1.79,0.85,1.43,0.0,NON,Nongkhai,2025-11-11 14:47:06.064341
2025-01-21,0.84,2.01,3.17,1.69,1.6,1.74,1.57,2.37,1.84,2.32,2.66,2.22,3.13,0.0,1.44,2.34,3.04,3.13,0.86,1.5,1.17,1.72,0.87,1.44,0.0,NON,Nongkhai,2025-11-11 14:47:06.064341
2025-01-22,0.81,1.98,3.14,1.68,1.58,1.78,1.6,2.36,1.86,2.29,2.6,2.03,3.14,0.0,1.42,2.14,3.04,2.88,0.82,1.62,1.42,1.67,0.95,1.44,0.0,NON,Nongkhai,2025-11-11 14:47:06.064341
2025-01-23,0.83,1.99,3.14,1.73,1.54,1.82,1.65,2.36,1.86,2.17,2.33,1.89,3.14,0.0,1.4,1.98,3.08,2.56,0.81,1.7,1.69,1.67,1.05,1.36,0.0,NON,Nongkhai,2025-11-11 14:47:06.064341
2025-01-24,0.85,1.98,3.12,1.79,1.44,1.78,1.66,2.37,1.96,2.1,1.99,1.79,3.12,0.0,1.4,1.89,3.14,2.49,0.79,1.62,1.8,1.68,1.11,1.28,0.0,NON,Nongkhai,2025-11-11 14:47:06.064341
2025-01-25,0.92,2.03,3.13,1.84,1.4,1.73,1.65,2.33,2.02,2.06,1.79,1.73,3.12,0.0,1.55,1.82,3.07,2.42,0.92,1.44,2.05,1.65,1.08,1.24,0.0,NON,Nongkhai,2025-11-11 14:47:06.064341
2025-01-26,0.91,2.01,3.11,1.8,1.34,1.76,1.65,2.24,2.0,2.02,1.6,1.71,3.11,0.0,1.72,1.88,3.02,2.32,0.92,1.34,2.19,1.62,1.08,1.26,0.0,NON,Nongkhai,2025-11-11 14:47:06.064341
2025-01-27,0.87,1.98,3.1,1.74,1.24,1.82,1.62,2.18,2.16,1.98,1.54,1.68,3.1,0.0,2.02,1.92,2.96,2.25,0.88,1.3,2.15,1.52,1.06,1.35,0.0,NON,Nongkhai,2025-11-11 14:47:06.064341
2025-01-28,0.85,1.97,3.1,1.67,1.21,1.84,1.56,2.15,2.17,1.95,1.55,1.66,3.1,0.0,2.52,2.22,2.88,2.15,0.84,1.26,2.04,1.35,1.04,1.45,0.0,NON,Nongkhai,2025-11-11 14:47:06.064341
2025-01-29,0.87,1.97,3.08,1.61,1.18,1.82,1.53,2.1,2.08,1.89,1.6,1.64,3.08,0.0,2.8,2.3,3.04,2.05,0.86,1.26,1.88,1.21,1.1,1.58,0.0,NON,Nongkhai,2025-11-11 14:47:06.064341
2025-01-30,0.91,1.97,3.02,1.57,1.12,1.79,1.56,2.06,2.02,1.8,1.6,1.68,3.02,0.0,2.9,2.46,3.02,2.02,0.9,1.23,1.67,1.11,1.22,1.51,0.0,NON,Nongkhai,2025-11-11 14:47:06.064341
2025-01-31,0.87,2.05,3.22,1.54,1.07,1.76,1.66,2.05,1.98,1.73,1.5,1.74,2.92,0.0,3.13,2.62,2.86,1.98,0.92,1.15,1.49,1.07,1.45,1.43,0.0,NON,Nongkhai,2025-11-11 14:47:06.064341
2025-02-01,0.82,2.25,3.67,1.52,1.06,1.7,1.79,2.07,1.9,1.71,1.4,1.82,2.83,1.94,3.57,2.42,2.72,1.98,0.0,1.12,1.38,1.0,1.52,1.36,0.0,NON,Nongkhai,2025-11-11 14:47:06.064341
2025-02-02,0.87,2.38,3.89,1.48,1.1,1.66,1.88,2.08,1.82,1.72,1.34,1.89,2.82,1.92,3.89,2.04,2.67,2.04,0.86,1.14,1.24,0.95,1.58,1.33,0.0,NON,Nongkhai,2025-11-11 14:47:06.064341
2025-02-03,0.86,2.26,3.67,1.48,1.17,1.58,1.94,2.06,1.73,1.75,1.32,1.95,2.81,1.95,3.77,1.74,2.6,2.22,0.89,1.17,1.06,0.94,1.69,0.0,0.0,NON,Nongkhai,2025-11-11 14:47:06.064341
2025-02-04,0.82,1.94,3.05,1.47,1.22,1.53,1.98,2.02,1.63,1.72,1.3,2.01,2.77,1.96,3.22,1.6,2.42,2.32,0.82,1.2,0.99,0.94,1.57,1.23,0.0,NON,Nongkhai,2025-11-11 14:47:06.064341
2025-02-05,0.82,1.73,2.64,1.46,1.31,1.48,2.0,2.04,1.58,1.62,1.28,2.04,2.64,1.98,2.56,1.56,2.27,2.36,0.82,1.24,0.86,1.0,1.4,1.12,0.0,NON,Nongkhai,2025-11-11 14:47:06.064341
2025-02-06,0.87,1.71,2.55,1.46,1.4,1.43,2.22,2.01,1.56,1.54,1.27,2.1,2.44,1.98,2.23,1.56,2.22,2.49,0.86,1.22,1.0,1.07,1.27,1.08,0.0,NON,Nongkhai,2025-11-11 14:47:06.064341
2025-02-07,0.88,1.81,2.73,1.45,1.49,1.38,2.36,2.01,1.55,1.51,1.27,2.2,2.25,1.98,2.27,1.56,2.2,2.7,0.88,1.2,1.03,1.18,1.0,1.1,0.0,NON,Nongkhai,2025-11-11 14:47:06.064341
2025-02-08,0.84,1.79,2.73,1.44,1.47,1.34,2.45,2.02,1.5,1.51,1.28,2.26,2.12,1.91,2.23,1.52,2.18,2.74,0.84,1.12,1.06,1.3,0.82,1.05,0.0,NON,Nongkhai,2025-11-11 14:47:06.064341
2025-02-09,0.85,1.68,2.52,1.42,1.43,1.35,2.41,2.01,1.44,1.52,1.27,2.28,2.04,1.8,2.0,1.49,2.23,2.57,0.85,1.02,1.04,1.25,0.88,1.14,0.0,NON,Nongkhai,2025-11-11 14:47:06.064341
2025-02-10,0.84,1.66,2.48,1.4,1.49,1.45,2.31,1.99,1.36,1.5,1.26,2.26,2.01,1.82,1.64,1.46,2.27,2.25,0.84,0.98,0.97,1.18,0.93,1.17,0.0,NON,Nongkhai,2025-11-11 14:47:06.064341
2025-02-11,0.85,1.62,2.39,1.37,1.51,1.61,2.12,1.96,1.25,1.47,1.24,2.24,1.98,1.7,1.32,1.48,2.3,1.94,0.85,0.94,0.98,1.14,0.97,1.26,0.0,NON,Nongkhai,2025-11-11 14:47:06.064341
2025-02-12,0.84,1.57,2.31,1.34,1.49,1.71,1.97,1.96,1.14,1.44,1.18,2.2,1.94,1.66,1.32,1.59,2.34,1.78,0.84,0.94,1.03,1.1,0.92,1.45,0.0,NON,Nongkhai,2025-11-11 14:47:06.064341
2025-02-13,0.85,1.59,2.34,1.32,1.43,1.71,1.86,1.93,1.06,1.42,1.16,2.14,1.95,1.62,1.38,1.79,2.32,1.76,0.84,1.02,1.06,1.12,0.88,1.66,0.0,NON,Nongkhai,2025-11-11 14:47:06.064341
2025-02-14,0.84,1.69,2.54,1.31,1.39,1.68,1.76,1.87,1.01,1.41,1.14,2.03,1.92,1.58,1.54,1.98,2.26,1.71,0.84,1.12,1.12,1.24,0.82,0.0,0.0,NON,Nongkhai,2025-11-11 14:47:06.064341
2025-02-15,0.81,1.77,2.73,1.3,1.41,1.61,1.67,1.81,0.96,1.4,1.12,1.93,1.9,1.58,1.48,2.07,2.19,1.63,0.82,1.34,0.0,1.35,0.8,0.0,0.0,NON,Nongkhai,2025-11-11 14:47:06.064341
2025-02-16,0.79,1.8,2.81,1.3,1.42,1.59,1.6,1.77,0.83,1.4,1.09,1.84,1.88,1.66,1.32,2.16,2.13,1.64,0.78,1.55,1.12,1.35,0.82,0.0,0.0,NON,Nongkhai,2025-11-11 14:47:06.064341
2025-02-17,0.66,1.74,2.82,1.28,1.42,1.61,1.53,1.74,0.66,1.4,1.06,1.72,1.86,1.81,1.34,2.15,2.04,1.7,0.76,1.6,1.05,1.32,0.84,0.0,0.0,NON,Nongkhai,2025-11-11 14:47:06.064341
2025-02-18,0.62,1.65,2.68,1.26,1.34,1.62,1.47,1.72,0.62,1.4,1.06,1.64,1.85,1.97,1.38,2.32,1.95,1.66,0.73,1.42,1.0,1.35,0.84,0.8,0.0,NON,Nongkhai,2025-11-11 14:47:06.064341
2025-02-19,0.59,1.64,2.7,1.23,1.22,1.56,1.41,1.74,0.59,1.37,1.05,1.59,1.91,2.0,1.42,2.64,1.86,1.8,0.68,1.32,0.98,1.4,0.84,0.78,0.0,NON,Nongkhai,2025-11-11 14:47:06.064341
2025-02-20,0.55,1.7,2.84,1.22,1.14,1.5,1.37,1.72,0.55,1.32,1.03,1.57,2.04,1.88,1.32,2.82,1.79,2.07,0.66,1.25,0.98,1.49,0.88,0.78,0.0,NON,Nongkhai,2025-11-11 14:47:06.064341
2025-02-21,0.5,1.68,2.87,1.2,1.04,1.51,1.37,1.69,0.5,1.28,1.01,1.56,2.26,1.69,1.21,2.86,1.66,2.67,0.69,1.12,0.88,1.54,0.77,0.78,0.0,NON,Nongkhai,2025-11-11 14:47:06.064341
2025-02-22,0.49,1.92,3.34,1.19,1.01,1.49,1.42,1.67,0.49,1.28,1.0,1.57,2.53,1.56,1.12,2.93,1.53,3.26,0.7,1.02,1.08,1.48,0.66,0.78,0.0,NON,Nongkhai,2025-11-11 14:47:06.064341
2025-02-23,0.48,2.02,3.56,1.19,0.94,1.43,1.48,1.69,0.48,1.28,0.99,1.57,2.74,1.51,1.12,3.15,1.42,3.56,0.7,1.05,1.25,1.38,0.75,0.82,0.0,NON,Nongkhai,2025-11-11 14:47:06.064341
2025-02-24,0.47,2.01,3.54,1.18,0.93,1.46,1.54,1.72,0.47,1.25,0.98,1.55,2.74,1.48,1.18,3.32,1.39,3.55,0.72,1.1,1.38,1.3,0.76,0.85,0.0,NON,Nongkhai,2025-11-11 14:47:06.064341
2025-02-25,0.48,1.98,3.48,1.18,0.93,1.52,1.58,1.76,0.48,1.22,0.98,1.54,2.7,1.46,1.01,3.43,1.37,3.48,0.71,1.02,1.52,1.3,0.72,0.85,0.0,NON,Nongkhai,2025-11-11 14:47:06.064341
2025-02-26,0.48,1.96,3.45,1.21,0.96,1.59,1.58,1.73,0.48,1.2,0.96,1.57,2.68,1.42,0.97,3.46,1.39,3.46,0.71,0.93,1.7,1.33,0.7,0.83,0.0,NON,Nongkhai,2025-11-11 14:47:06.064341
2025-02-27,0.44,1.94,3.44,1.25,1.0,1.58,1.58,1.66,0.44,1.22,0.96,1.62,2.69,1.38,1.03,3.22,1.45,3.43,0.71,0.95,1.61,1.34,0.0,0.8,0.0,NON,Nongkhai,2025-11-11 14:47:06.064341
2025-02-28,0.41,1.94,3.47,1.33,1.01,1.48,1.62,1.6,0.41,1.22,0.96,1.66,2.72,1.36,1.13,2.87,1.48,3.47,0.72,1.05,1.46,1.45,0.65,0.88,0.0,NON,Nongkhai,2025-11-11 14:47:06.064341
2025-02-29,0.0,0.0,0.0,0.0,0.0,0.0,1.62,0.0,0.0,0.0,0.95,0.0,0.0,0.0,1.29,0.0,0.0,0.0,0.72,0.0,0.0,0.0,0.62,0.0,0.0,NON,Nongkhai,2025-11-11 14:47:06.064341
2025-03-01,0.39,1.89,3.39,1.42,0.96,1.42,1.6,1.55,0.39,1.23,0.94,1.68,2.76,1.34,1.5,2.76,1.47,3.43,0.71,1.16,1.53,1.54,0.65,0.96,0.0,NON,Nongkhai,2025-11-11 14:47:06.064341
2025-03-02,0.36,1.85,3.35,1.5,0.96,1.37,1.54,1.52,0.36,1.28,0.92,1.69,2.83,1.34,1.74,3.01,1.49,3.33,0.7,1.28,1.68,1.57,0.65,1.25,0.0,NON,Nongkhai,2025-11-11 14:47:06.064341
2025-03-03,0.33,1.89,3.44,1.51,0.96,1.24,1.43,1.48,0.33,1.33,0.92,1.66,2.97,1.32,1.98,3.27,1.6,3.42,0.72,1.34,1.71,1.71,0.62,1.7,0.0,NON,Nongkhai,2025-11-11 14:47:06.064341
2025-03-04,0.32,1.89,3.45,1.48,0.95,1.17,1.34,1.47,0.32,1.35,0.91,1.66,3.04,1.31,2.32,3.4,1.82,3.48,0.76,1.32,1.72,1.8,0.71,1.93,0.0,NON,Nongkhai,2025-11-11 14:47:06.064341
2025-03-05,0.34,1.89,3.43,1.51,0.96,1.2,1.28,1.46,0.34,1.38,0.88,1.65,3.05,1.28,2.57,3.42,2.04,3.38,0.73,1.32,1.56,1.85,0.85,0.0,0.0,NON,Nongkhai,2025-11-11 14:47:06.064341
2025-03-06,0.42,1.93,3.43,1.54,0.96,1.18,1.34,1.44,0.42,1.42,0.86,1.64,3.1,1.25,2.32,3.43,2.13,3.3,0.72,1.28,1.43,1.68,0.98,2.2,0.0,NON,Nongkhai,2025-11-11 14:47:06.064341
2025-03-07,0.45,1.94,3.43,1.5,0.96,1.15,1.44,1.42,0.45,1.43,0.86,1.66,3.16,1.23,1.96,3.43,2.15,3.25,0.74,1.23,1.33,1.54,1.05,2.12,0.0,NON,Nongkhai,2025-11-11 14:47:06.064341
2025-03-08,0.46,1.94,3.42,1.4,0.93,1.14,1.47,1.39,0.46,1.43,0.86,1.67,3.18,1.21,1.59,3.42,2.09,3.13,0.75,1.23,1.43,1.34,1.12,2.1,0.0,NON,Nongkhai,2025-11-11 14:47:06.064341
2025-03-09,0.48,1.95,3.42,1.3,0.91,1.19,1.42,1.35,0.48,1.42,0.84,1.69,3.14,1.22,1.46,3.42,1.99,3.07,0.8,1.24,1.7,1.13,1.05,2.2,0.0,NON,Nongkhai,2025-11-11 14:47:06.064341
2025-03-10,0.48,1.93,3.39,1.23,0.93,1.21,1.36,1.32,0.48,1.43,0.84,1.72,3.1,1.36,1.44,3.4,1.88,3.06,0.84,1.25,2.02,1.0,0.92,2.13,0.0,NON,Nongkhai,2025-11-11 14:47:06.064341
2025-03-11,0.5,1.86,3.23,1.18,0.96,1.18,1.35,1.31,0.5,1.45,0.89,1.78,3.06,1.7,1.38,3.32,1.78,3.09,0.83,1.28,2.2,0.9,0.83,2.06,0.0,NON,Nongkhai,2025-11-11 14:47:06.064341
2025-03-12,0.54,1.85,3.16,1.16,0.96,1.14,1.32,1.3,0.54,1.47,0.9,1.84,3.1,2.22,1.24,3.0,1.7,3.14,0.8,1.28,2.32,0.91,0.76,2.06,0.0,NON,Nongkhai,2025-11-11 14:47:06.064341
2025-03-13,0.61,1.94,3.27,1.16,0.96,1.08,1.38,1.3,0.63,1.48,0.98,1.9,3.19,2.68,1.32,2.77,1.59,3.25,0.79,1.3,2.56,0.94,0.65,2.03,0.0,NON,Nongkhai,2025-11-11 14:47:06.064341
2025-03-14,0.6,1.97,3.35,1.15,0.92,1.06,1.48,1.32,0.66,1.47,1.01,1.94,3.24,3.06,1.44,2.76,1.48,3.32,0.78,1.33,2.64,1.05,0.62,2.03,0.0,NON,Nongkhai,2025-11-11 14:47:06.064341
2025-03-15,0.59,1.99,3.39,1.15,0.83,1.05,1.58,1.32,0.66,1.49,0.92,1.96,3.25,3.16,1.5,3.0,1.34,3.39,0.75,1.42,2.55,1.21,0.65,2.05,0.0,NON,Nongkhai,2025-11-11 14:47:06.064341
2025-03-16,0.58,1.98,3.38,1.17,0.77,1.05,1.6,1.32,0.67,1.49,0.87,1.94,3.24,3.16,1.5,3.2,1.19,3.39,0.74,1.48,2.55,1.33,0.66,2.0,0.0,NON,Nongkhai,2025-11-11 14:47:06.064341
2025-03-17,0.6,2.01,3.41,1.19,0.74,1.05,1.56,1.32,0.67,1.52,0.88,1.92,3.16,3.08,1.48,3.26,1.15,3.4,0.72,1.45,2.71,1.36,0.66,1.96,0.0,NON,Nongkhai,2025-11-11 14:47:06.064341
2025-03-18,0.61,1.99,3.37,1.19,0.71,1.06,1.5,1.32,0.8,1.6,0.91,1.91,3.05,3.0,1.53,3.24,1.16,3.38,0.72,1.35,2.92,1.39,0.66,1.92,0.0,NON,Nongkhai,2025-11-11 14:47:06.064341
2025-03-19,0.58,1.96,3.34,1.17,0.68,1.08,1.45,1.29,0.96,1.78,0.93,1.86,3.0,2.92,1.8,3.14,1.21,3.34,0.74,1.35,3.1,1.32,0.0,2.13,0.0,NON,Nongkhai,2025-11-11 14:47:06.064341
2025-03-20,0.57,1.97,3.38,1.14,0.73,1.05,1.38,1.28,0.94,2.0,0.98,1.8,2.94,2.9,2.25,3.19,1.26,3.34,0.77,1.44,3.39,1.22,0.63,2.24,0.0,NON,Nongkhai,2025-11-11 14:47:06.064341
2025-03-21,0.55,1.93,3.31,1.11,0.83,1.0,1.32,1.28,0.88,2.18,0.97,1.74,2.9,2.9,2.56,3.04,1.26,3.32,0.78,1.45,3.32,1.15,0.59,2.15,0.0,NON,Nongkhai,2025-11-11 14:47:06.064341
2025-03-22,0.51,1.91,3.31,1.1,0.81,0.95,1.38,1.26,0.77,2.22,0.92,1.72,2.9,2.92,2.68,3.07,1.23,3.29,0.84,1.42,3.27,1.13,0.62,2.13,0.0,NON,Nongkhai,2025-11-11 14:47:06.064341
2025-03-23,0.48,1.96,3.44,1.09,0.71,0.92,1.47,1.22,0.86,2.3,0.88,1.72,2.9,2.92,2.72,3.1,1.27,3.29,0.91,1.36,3.42,1.13,0.64,2.32,0.0,NON,Nongkhai,2025-11-11 14:47:06.064341
2025-03-24,0.5,1.96,3.42,1.06,0.71,0.95,1.5,1.27,0.85,2.47,0.84,1.64,2.9,2.89,2.73,3.07,1.43,3.28,0.96,1.24,3.42,1.22,0.58,2.48,0.0,NON,Nongkhai,2025-11-11 14:47:06.064341
2025-03-25,0.54,1.97,3.4,1.06,0.71,1.02,1.44,1.29,0.8,2.58,0.8,1.49,2.9,2.89,2.75,3.14,1.68,3.24,0.98,1.01,3.4,1.34,0.57,2.53,0.0,NON,Nongkhai,2025-11-11 14:47:06.064341
2025-03-26,0.58,1.96,3.34,1.03,0.64,1.12,1.36,1.35,0.78,2.55,0.77,1.34,2.9,2.98,2.76,3.1,1.92,3.22,0.97,1.1,3.38,1.5,0.57,2.4,0.0,NON,Nongkhai,2025-11-11 14:47:06.064341
2025-03-27,0.58,1.89,3.2,1.03,0.58,1.17,1.32,1.36,0.84,2.44,0.74,1.2,2.89,3.14,2.75,3.11,2.1,3.18,0.95,1.2,3.12,1.65,0.61,2.2,0.0,NON,Nongkhai,2025-11-11 14:47:06.064341
2025-03-28,0.59,1.95,3.3,1.06,0.57,1.13,1.29,1.43,0.82,2.28,0.75,1.0,2.85,3.3,2.95,3.14,2.26,3.26,0.94,1.32,2.8,1.65,0.57,2.06,0.0,NON,Nongkhai,2025-11-11 14:47:06.064341
2025-03-29,0.58,1.98,3.37,1.07,0.6,1.11,1.29,1.41,0.7,2.07,0.75,0.73,2.8,3.37,3.1,3.15,2.39,3.2,0.94,1.46,2.64,1.58,0.56,1.98,0.0,NON,Nongkhai,2025-11-11 14:47:06.064341
2025-03-30,0.63,1.98,3.32,1.05,0.63,1.12,1.31,1.38,0.63,1.92,0.74,0.63,2.76,3.32,2.92,3.06,2.3,3.16,0.96,1.53,2.8,1.6,0.56,1.76,0.0,NON,Nongkhai,2025-11-11 14:47:06.064341
2025-03-31,0.6,1.95,3.29,1.02,0.82,1.12,1.43,1.35,0.64,1.8,0.75,0.6,2.73,3.29,2.82,2.92,2.35,3.08,1.01,1.6,3.0,1.54,0.58,1.68,0.0,NON,Nongkhai,2025-11-11 14:47:06.064341
2025-04-01,0.63,2.0,3.37,0.99,0.88,1.06,1.58,1.34,0.63,1.76,0.76,0.68,2.72,3.37,2.68,2.81,2.3,3.18,1.06,1.65,3.04,1.42,0.61,1.8,0.0,NON,Nongkhai,2025-11-11 14:47:06.064341
2025-04-02,0.5,1.96,3.42,0.97,0.7,0.98,1.7,1.38,0.57,1.76,0.77,0.66,2.68,3.42,2.42,2.95,2.12,3.21,1.16,1.78,2.75,1.3,0.65,1.86,0.0,NON,Nongkhai,2025-11-11 14:47:06.064341
2025-04-03,0.46,1.99,3.51,0.95,0.52,0.94,1.77,1.48,0.46,1.79,0.77,0.64,2.64,3.25,2.56,3.22,1.96,3.42,1.32,1.84,2.65,1.2,0.72,2.06,0.0,NON,Nongkhai,2025-11-11 14:47:06.064341
2025-04-04,0.46,2.11,3.77,0.92,0.48,0.92,1.79,1.58,0.51,1.83,0.78,0.62,2.62,2.95,2.66,3.44,2.04,3.73,1.52,1.84,2.62,1.06,0.74,2.24,0.0,NON,Nongkhai,2025-11-11 14:47:06.064341
2025-04-05,0.51,2.14,3.78,0.92,0.46,0.89,1.71,1.57,0.69,1.88,0.78,0.62,2.62,2.75,2.75,2.44,2.57,3.78,1.72,1.9,2.56,0.92,0.72,2.2,0.0,NON,Nongkhai,2025-11-11 14:47:06.064341
2025-04-06,0.61,2.17,3.73,0.76,0.49,0.82,1.68,1.51,0.86,1.94,0.79,0.61,2.66,2.74,2.8,3.34,3.08,3.74,1.88,1.92,2.42,0.85,0.65,2.12,0.0,NON,Nongkhai,2025-11-11 14:47:06.064341
2025-04-07,0.51,2.11,3.72,0.51,0.62,0.8,1.7,1.5,0.98,1.95,0.8,0.62,2.7,2.88,2.75,3.3,3.37,3.7,1.78,1.96,2.32,0.82,0.66,2.15,0.0,NON,Nongkhai,2025-11-11 14:47:06.064341
2025-04-08,0.48,2.17,3.86,0.48,0.76,0.8,1.63,1.59,1.0,1.9,0.8,0.67,2.66,3.11,2.78,3.31,3.5,3.82,1.6,2.16,2.23,0.77,0.76,2.25,0.0,NON,Nongkhai,2025-11-11 14:47:06.064341
2025-04-09,0.58,2.25,3.92,0.58,0.86,0.78,1.61,1.74,1.03,1.85,0.88,0.8,2.68,3.3,2.86,3.32,3.55,3.92,1.44,2.3,2.15,0.75,0.8,2.25,0.0,NON,Nongkhai,2025-11-11 14:47:06.064341
2025-04-10,0.67,2.29,3.9,0.67,0.91,0.77,1.65,1.84,1.08,1.84,0.97,0.98,2.78,3.41,2.87,3.23,3.66,3.9,1.4,2.2,2.12,0.74,0.84,2.35,0.0,NON,Nongkhai,2025-11-11 14:47:06.064341
2025-04-11,0.67,2.26,3.85,0.73,0.92,0.77,1.71,1.88,1.12,1.83,1.03,1.04,2.84,3.48,2.8,3.01,3.6,3.89,1.44,2.12,2.12,0.72,0.75,2.38,0.0,NON,Nongkhai,2025-11-11 14:47:06.064341
2025-04-12,0.57,2.1,3.62,0.76,0.94,0.86,1.7,1.98,1.14,1.84,1.06,1.02,2.88,3.38,2.8,2.67,3.58,3.66,1.48,2.12,2.12,0.66,0.67,2.28,0.0,NON,Nongkhai,2025-11-11 14:47:06.064341
2025-04-13,0.49,2.02,3.55,0.79,0.96,1.06,1.62,2.0,1.12,1.9,1.12,1.0,2.9,3.26,2.78,2.5,3.56,3.51,1.38,2.15,2.3,0.62,0.65,2.25,0.0,NON,Nongkhai,2025-11-11 14:47:06.064341
2025-04-14,0.43,1.95,3.48,0.8,1.09,1.34,1.51,2.05,1.08,1.93,1.18,1.02,2.96,3.18,2.74,2.7,3.5,3.44,1.27,2.18,2.28,0.65,0.67,2.18,0.0,NON,Nongkhai,2025-11-11 14:47:06.064341
2025-04-15,0.39,1.9,3.41,0.83,1.33,1.65,1.33,2.18,1.06,1.91,1.17,1.12,2.94,3.21,2.7,3.1,3.38,3.41,1.18,2.22,2.4,0.7,0.75,2.05,0.0,NON,Nongkhai,2025-11-11 14:47:06.064341
2025-04-16,0.36,1.86,3.35,0.91,1.51,1.85,1.18,2.35,1.07,1.89,1.13,1.36,2.85,3.34,2.67,3.3,3.15,3.36,1.12,2.45,2.5,0.72,0.84,1.66,0.0,NON,Nongkhai,2025-11-11 14:47:06.064341
2025-04-17,0.33,1.95,3.56,1.03,1.58,1.89,1.11,2.5,1.14,1.82,1.08,1.72,2.76,3.56,2.65,3.16,2.83,3.25,1.12,2.7,2.42,0.74,0.88,1.43,0.0,NON,Nongkhai,2025-11-11 14:47:06.064341
2025-04-18,0.41,2.02,3.62,1.14,1.6,1.86,1.09,2.49,1.13,1.72,1.03,2.0,2.72,3.62,2.62,2.71,2.39,3.08,1.21,2.7,2.32,0.74,0.9,1.45,0.0,NON,Nongkhai,2025-11-11 14:47:06.064341
2025-04-19,0.5,1.98,3.46,1.2,1.65,1.92,1.13,2.42,1.15,1.67,0.99,2.15,2.62,3.46,2.45,2.21,2.02,2.76,1.32,2.62,2.28,0.78,0.83,1.55,0.0,NON,Nongkhai,2025-11-11 14:47:06.064341
2025-04-20,0.56,1.83,3.09,1.26,1.66,2.0,1.21,2.32,1.2,1.66,0.94,2.05,2.49,3.09,2.12,1.88,1.84,2.47,1.4,2.52,2.32,0.8,0.8,1.6,0.0,NON,Nongkhai,2025-11-11 14:47:06.064341
2025-04-21,0.62,1.63,2.65,1.31,1.69,2.26,1.34,2.18,1.27,1.63,0.89,1.8,2.26,2.62,1.76,1.78,1.9,2.29,1.44,2.52,2.63,0.89,0.85,1.6,0.0,NON,Nongkhai,2025-11-11 14:47:06.064341
2025-04-22,0.65,1.55,2.45,1.34,1.58,2.32,1.46,2.01,1.33,1.66,0.86,1.65,2.04,2.24,1.5,1.72,1.92,2.12,1.37,2.62,2.52,0.95,0.88,1.63,0.0,NON,Nongkhai,2025-11-11 14:47:06.064341
2025-04-23,0.63,1.53,2.43,1.37,1.53,2.27,1.59,1.84,1.32,1.55,0.79,1.64,1.96,2.0,1.35,1.61,1.96,2.1,1.29,2.76,2.24,0.95,0.93,1.56,0.0,NON,Nongkhai,2025-11-11 14:47:06.064341
2025-04-24,0.63,1.54,2.45,1.35,1.59,2.12,1.68,1.72,1.26,1.52,0.76,1.72,2.1,1.91,1.34,1.6,2.07,2.07,1.34,2.8,2.05,0.9,0.96,1.48,0.0,NON,Nongkhai,2025-11-11 14:47:06.064341
2025-04-25,0.64,1.63,2.62,1.32,1.64,1.96,1.72,1.66,1.27,1.56,0.74,1.79,2.36,2.1,1.4,1.72,2.52,2.13,1.37,2.8,1.92,0.82,0.86,1.53,0.0,NON,Nongkhai,2025-11-11 14:47:06.064341
2025-04-26,0.6,1.95,3.3,1.28,1.68,1.82,1.69,1.72,1.3,1.61,0.73,1.81,2.52,2.58,1.4,2.26,3.17,2.45,1.32,2.8,2.1,0.72,0.8,1.56,0.0,NON,Nongkhai,2025-11-11 14:47:06.064341
2025-04-27,0.61,2.13,3.65,1.19,1.81,1.77,1.62,1.66,1.37,1.67,0.7,1.77,2.57,2.96,1.4,3.02,3.57,3.02,1.34,2.85,2.53,0.64,0.74,1.63,0.0,NON,Nongkhai,2025-11-11 14:47:06.064341
2025-04-28,0.59,2.2,3.82,1.14,2.08,1.8,1.54,1.67,1.41,1.73,0.69,1.72,2.57,3.12,1.42,3.44,3.8,3.44,1.52,2.83,2.92,0.6,0.66,1.72,0.0,NON,Nongkhai,2025-11-11 14:47:06.064341
2025-04-29,0.57,2.18,3.78,1.12,2.34,1.8,1.38,1.77,1.44,1.78,0.73,1.7,2.57,3.15,1.54,3.7,3.8,3.62,1.74,2.81,3.45,0.58,0.69,1.84,0.0,NON,Nongkhai,2025-11-11 14:47:06.064341
2025-04-30,0.56,2.2,3.83,1.12,2.42,1.76,1.39,1.95,1.57,1.91,0.8,1.77,2.62,3.19,1.82,3.72,3.72,3.6,1.74,2.83,3.83,0.54,0.78,1.84,0.0,NON,Nongkhai,2025-11-11 14:47:06.064341
2025-05-01,0.72,2.27,3.83,1.11,2.37,1.7,1.62,2.05,1.71,2.07,0.84,1.85,2.65,3.28,2.0,3.71,3.74,3.5,1.71,2.84,3.83,0.68,0.95,1.83,0.0,NON,Nongkhai,2025-11-11 14:47:06.064341
2025-05-02,0.76,2.31,3.87,1.11,2.22,1.68,1.86,2.06,1.82,2.27,0.86,1.98,2.69,3.4,2.03,3.69,3.84,3.46,1.82,2.9,3.79,0.82,1.16,1.84,0.0,NON,Nongkhai,2025-11-11 14:47:06.064341
2025-05-03,0.73,2.34,3.95,1.19,2.05,1.69,2.07,1.95,1.93,2.42,0.89,2.12,2.69,3.46,2.02,3.56,3.94,3.46,1.84,2.93,3.7,0.92,1.26,1.83,0.0,NON,Nongkhai,2025-11-11 14:47:06.064341
2025-05-04,0.72,2.32,3.93,1.33,2.03,1.74,2.26,1.83,1.91,2.58,0.85,2.17,2.68,3.58,2.03,3.44,3.93,3.56,1.82,3.02,3.66,1.05,1.13,1.72,0.0,NON,Nongkhai,2025-11-11 14:47:06.064341
2025-05-05,0.72,2.34,3.96,1.37,2.01,1.89,2.37,1.77,1.99,2.74,0.78,2.18,2.78,3.56,2.05,3.3,3.94,3.6,0.0,3.03,3.55,1.22,0.95,1.57,0.0,NON,Nongkhai,2025-11-11 14:47:06.064341
2025-05-06,0.74,2.37,4.01,1.33,1.98,2.13,2.41,1.74,1.98,2.75,0.72,2.19,2.92,3.33,2.12,3.1,4.0,3.56,2.0,3.15,3.64,1.28,0.83,1.48,0.0,NON,Nongkhai,2025-11-11 14:47:06.064341
2025-05-07,0.76,2.38,4.01,1.3,2.02,2.26,2.44,1.79,1.87,2.71,0.72,2.31,2.86,3.24,2.18,2.57,4.0,3.52,2.06,3.25,3.68,1.22,0.66,1.53,0.0,NON,Nongkhai,2025-11-11 14:47:06.064341
2025-05-08,0.73,2.4,4.06,1.3,2.07,2.22,2.43,1.92,1.75,2.69,0.8,2.38,2.64,3.01,2.22,2.22,4.03,3.33,2.16,3.28,3.56,1.1,0.52,1.53,0.0,NON,Nongkhai,2025-11-11 14:47:06.064341
2025-05-09,0.67,2.44,4.21,1.34,2.06,2.08,2.35,2.08,1.69,2.75,0.91,2.42,2.43,2.6,2.22,1.94,4.18,3.04,2.02,3.2,3.32,0.92,0.55,1.62,0.0,NON,Nongkhai,2025-11-11 14:47:06.064341
2025-05-10,0.66,2.47,4.29,1.44,2.05,2.03,2.37,2.21,1.63,2.9,1.15,2.4,2.5,2.22,2.2,1.91,4.25,2.94,1.76,3.15,3.05,0.86,0.58,1.74,0.0,NON,Nongkhai,2025-11-11 14:47:06.064341
2025-05-11,0.68,2.56,4.44,1.64,2.06,2.17,2.39,2.28,1.57,3.13,1.3,2.46,2.76,1.98,2.16,2.5,4.4,2.83,1.57,3.12,2.94,0.88,0.63,1.65,0.0,NON,Nongkhai,2025-11-11 14:47:06.064341
2025-05-12,0.66,2.58,4.51,1.76,2.18,2.32,2.46,2.23,1.48,3.31,1.32,2.46,3.06,1.91,2.14,3.13,4.5,2.73,1.46,3.07,3.02,0.88,0.7,1.54,0.0,NON,Nongkhai,2025-11-11 14:47:06.064341
2025-05-13,0.61,2.52,4.44,1.84,2.36,2.35,3.02,2.2,1.44,3.41,1.52,2.56,3.22,1.98,2.13,3.37,4.47,2.74,1.41,3.18,3.28,0.92,0.76,1.53,0.0,NON,Nongkhai,2025-11-11 14:47:06.064341
2025-05-14,0.61,2.47,4.33,1.88,2.57,2.28,3.36,2.16,1.4,3.5,1.83,2.59,3.2,2.05,2.13,3.38,4.33,2.89,1.43,3.23,3.4,0.9,0.8,1.46,0.0,NON,Nongkhai,2025-11-11 14:47:06.064341
2025-05-15,0.61,2.47,4.32,1.96,2.69,2.15,3.51,2.07,1.44,4.03,2.27,2.56,3.07,2.12,2.1,3.43,4.3,3.13,1.41,3.25,3.44,1.05,0.78,1.42,0.0,NON,Nongkhai,2025-11-11 14:47:06.064341
2025-05-16,0.64,2.56,4.47,2.15,2.71,2.04,3.34,2.03,1.55,4.08,2.65,2.52,2.89,2.22,2.02,3.56,4.22,3.2,1.39,3.3,3.54,1.28,0.78,1.53,0.0,NON,Nongkhai,2025-11-11 14:47:06.064341
2025-05-17,0.62,2.59,4.55,2.32,2.64,2.1,3.03,2.16,1.63,4.08,2.77,2.56,2.82,2.28,2.05,3.63,4.08,3.32,1.38,3.38,3.95,1.45,0.85,1.66,0.0,NON,Nongkhai,2025-11-11 14:47:06.064341
2025-05-18,0.61,2.6,4.59,2.42,2.5,2.16,2.82,2.25,1.69,4.18,2.68,2.52,2.92,2.24,2.16,3.93,3.99,3.33,1.38,3.46,4.44,1.5,0.88,1.78,0.0,NON,Nongkhai,2025-11-11 14:47:06.064341
2025-05-19,0.59,3.12,5.65,2.44,2.23,2.39,2.8,2.32,1.69,4.15,2.48,2.5,3.0,2.18,2.36,5.13,3.95,3.3,1.43,3.28,4.62,1.66,0.87,1.78,0.0,NON,Nongkhai,2025-11-11 14:47:06.064341
2025-05-20,0.57,3.42,6.27,2.42,2.16,2.68,2.78,2.4,1.65,4.22,2.1,2.4,2.95,2.21,2.48,6.36,3.99,3.23,1.6,3.38,4.75,1.95,1.0,1.73,0.0,NON,Nongkhai,2025-11-11 14:47:06.064341
2025-05-21,0.55,3.25,5.94,2.32,2.38,2.79,2.68,2.58,1.65,4.41,1.73,2.33,2.84,2.28,2.49,6.0,4.03,3.27,1.61,3.55,4.5,2.0,0.0,1.73,0.0,NON,Nongkhai,2025-11-11 14:47:06.064341
2025-05-22,0.55,3.35,6.15,2.21,2.62,2.85,2.68,2.85,1.73,4.56,1.51,2.26,2.9,2.3,2.62,5.8,3.97,3.32,1.52,3.65,4.31,1.88,0.0,1.92,0.0,NON,Nongkhai,2025-11-11 14:47:06.064341
2025-05-23,0.5,3.72,6.93,2.2,2.8,2.95,2.8,3.57,1.81,4.59,1.36,2.24,3.1,2.28,2.51,5.52,4.0,3.38,1.39,3.6,4.01,1.6,0.0,1.98,0.0,NON,Nongkhai,2025-11-11 14:47:06.064341
2025-05-24,0.52,3.77,7.01,2.16,3.06,3.34,2.98,3.86,1.84,4.43,1.26,2.3,3.32,2.24,2.5,5.3,3.9,3.53,1.35,3.45,4.38,1.43,0.0,2.12,0.0,NON,Nongkhai,2025-11-11 14:47:06.064341
2025-05-25,0.6,3.89,7.18,2.19,3.37,4.58,3.11,3.84,1.8,4.28,1.19,2.35,3.4,2.22,2.62,5.11,3.81,3.64,1.26,3.33,4.89,1.36,0.0,2.32,0.0,NON,Nongkhai,2025-11-11 14:47:06.064341
2025-05-26,0.72,3.87,7.02,2.23,4.2,5.38,3.34,3.73,1.74,4.16,1.2,2.42,3.44,2.28,2.58,4.86,4.02,3.67,1.3,3.54,5.76,1.44,0.0,3.02,0.0,NON,Nongkhai,2025-11-11 14:47:06.064341
2025-05-27,0.82,3.75,6.68,2.28,5.09,5.31,3.69,3.56,1.67,4.2,1.25,2.42,3.47,2.41,2.45,4.69,3.93,3.67,1.4,3.64,6.67,1.54,0.0,3.18,0.0,NON,Nongkhai,2025-11-11 14:47:06.064341
2025-05-28,0.92,3.69,6.46,2.23,5.9,4.93,3.85,3.24,1.61,4.22,1.4,2.4,3.5,2.53,2.36,4.58,3.82,3.68,1.37,3.58,6.6,1.63,0.0,3.34,0.0,NON,Nongkhai,2025-11-11 14:47:06.064341
2025-05-29,1.1,3.58,6.07,2.09,6.15,4.6,3.75,2.94,1.68,4.26,1.66,2.4,3.59,2.68,2.32,4.5,4.01,3.6,1.4,3.36,6.15,1.67,0.0,3.82,0.0,NON,Nongkhai,2025-11-11 14:47:06.064341
2025-05-30,1.33,3.49,5.65,2.03,5.87,4.37,3.6,2.73,1.72,4.14,1.94,2.47,3.64,2.8,2.35,4.22,4.22,3.57,1.34,3.22,5.76,1.7,0.0,3.76,0.0,NON,Nongkhai,2025-11-11 14:47:06.064341
2025-05-31,1.34,3.47,5.6,1.99,5.58,4.18,3.51,2.97,1.82,4.02,2.16,2.56,3.68,2.82,2.68,4.02,4.4,3.67,1.32,3.32,5.26,1.67,0.0,3.56,0.0,NON,Nongkhai,2025-11-11 14:47:06.064341
2025-06-01,3.21,2.22,3.1,4.62,2.9,4.07,3.37,2.88,1.94,3.92,2.43,2.79,0.0,2.74,2.74,4.02,4.62,3.78,1.36,3.5,4.89,1.64,2.12,12.2,11.4,NON,Nongkhai,2025-11-11 14:47:03.646766
2025-06-02,3.26,2.1,3.16,4.74,2.92,3.86,3.12,3.07,2.04,3.82,2.56,2.77,0.0,2.55,2.84,4.02,4.72,3.88,1.29,3.43,4.74,1.67,2.02,12.2,11.4,NON,Nongkhai,2025-11-11 14:47:03.646766
2025-06-03,3.33,2.06,3.29,5.21,2.97,3.61,2.86,3.37,2.19,3.82,2.92,2.62,0.0,2.32,2.93,4.04,4.79,3.98,1.29,3.34,4.5,1.72,1.88,12.2,11.4,NON,Nongkhai,2025-11-11 14:47:03.646766
2025-06-04,3.4,2.11,3.43,5.54,3.04,3.46,2.77,3.38,2.38,4.0,3.07,2.48,0.0,2.06,2.86,3.85,4.8,3.99,1.3,3.29,4.24,1.7,1.76,12.2,11.4,NON,Nongkhai,2025-11-11 14:47:03.646766
2025-06-05,3.47,2.23,3.48,5.45,3.31,3.4,2.97,3.3,2.53,4.34,3.16,2.36,0.0,1.94,2.92,3.39,4.68,4.06,1.32,3.21,4.37,1.68,1.58,12.2,11.4,NON,Nongkhai,2025-11-11 14:47:03.646766
2025-06-06,3.55,2.17,3.55,5.33,3.65,3.44,3.93,3.26,2.55,4.62,3.39,2.46,0.0,2.15,3.05,2.9,4.52,4.22,1.52,3.03,4.59,1.73,1.53,12.2,11.4,NON,Nongkhai,2025-11-11 14:47:03.646766
2025-06-07,3.62,2.09,3.68,5.31,3.82,3.41,5.09,3.42,2.53,4.92,3.75,2.46,0.0,2.85,3.19,2.46,4.08,4.26,1.69,2.83,4.83,1.83,1.8,12.2,11.4,NON,Nongkhai,2025-11-11 14:47:03.646766
2025-06-08,3.7,2.06,3.67,5.21,3.89,3.31,5.5,3.94,2.65,5.1,4.12,2.58,0.0,3.29,3.36,2.18,4.08,4.26,1.75,2.73,5.06,1.82,1.92,12.2,11.4,NON,Nongkhai,2025-11-11 14:47:03.646766
2025-06-09,3.74,2.1,3.58,5.03,3.8,3.2,5.6,4.5,2.84,5.26,4.17,2.52,0.0,3.4,3.34,1.98,4.42,4.27,1.72,2.67,4.95,1.88,1.92,12.2,11.4,NON,Nongkhai,2025-11-11 14:47:03.646766
2025-06-10,3.79,2.19,3.5,4.99,4.04,3.1,5.59,4.68,3.02,5.2,4.12,2.58,0.0,3.5,2.96,2.09,4.62,4.23,1.66,2.78,4.62,2.02,1.92,12.2,11.4,NON,Nongkhai,2025-11-11 14:47:03.646766
2025-06-11,3.85,2.23,3.49,5.06,4.38,3.04,5.42,4.61,3.16,5.05,3.94,2.75,0.0,3.94,2.75,2.92,4.62,4.17,1.61,2.9,4.42,2.19,2.08,12.2,11.4,NON,Nongkhai,2025-11-11 14:47:03.646766
2025-06-12,3.91,2.34,3.65,5.11,4.28,3.01,5.26,4.68,3.38,4.99,3.58,3.11,0.0,4.45,2.56,3.53,4.68,4.11,1.78,3.16,4.41,2.19,2.56,12.2,11.4,NON,Nongkhai,2025-11-11 14:47:03.646766
2025-06-13,3.98,2.4,3.61,5.03,4.22,2.96,5.2,4.72,3.53,5.08,3.16,3.35,0.0,4.62,2.46,3.79,4.57,4.02,1.86,3.44,4.56,2.32,3.43,12.2,11.4,NON,Nongkhai,2025-11-11 14:47:03.646766
2025-06-14,4.04,2.47,3.49,4.76,4.48,2.9,5.3,4.6,3.47,5.28,2.75,3.47,0.0,4.66,2.56,3.97,4.36,3.86,1.96,3.85,5.02,2.52,3.66,12.2,11.4,NON,Nongkhai,2025-11-11 14:47:03.646766
2025-06-15,4.12,2.48,3.21,4.58,4.57,2.87,5.54,4.42,3.3,5.34,2.44,3.39,0.0,4.72,2.8,4.03,4.06,3.67,1.93,4.3,5.34,2.7,3.82,12.2,11.4,NON,Nongkhai,2025-11-11 14:47:03.646766
2025-06-16,4.25,2.48,3.02,4.74,4.38,2.76,5.91,4.32,3.12,4.97,2.24,3.22,0.0,4.74,2.98,3.96,3.63,3.5,1.85,6.36,5.26,2.53,3.76,12.2,11.4,NON,Nongkhai,2025-11-11 14:47:03.646766
2025-06-17,4.29,2.63,2.98,4.91,4.21,2.69,6.15,4.25,2.93,4.51,2.16,3.1,0.0,4.83,2.88,3.93,3.45,3.38,2.21,6.6,5.12,2.3,3.63,12.2,11.4,NON,Nongkhai,2025-11-11 14:47:03.646766
2025-06-18,4.34,2.79,3.01,5.21,4.11,2.68,6.71,4.22,2.76,4.22,2.12,3.05,0.0,4.81,2.68,4.12,3.48,3.26,2.67,6.25,5.02,2.22,3.33,12.2,11.4,NON,Nongkhai,2025-11-11 14:47:03.646766
2025-06-19,4.32,2.75,3.02,5.98,4.06,2.76,6.94,4.13,2.45,4.21,2.08,2.97,0.0,4.62,2.37,4.21,3.34,3.12,2.77,6.16,5.05,2.25,2.95,12.2,11.4,NON,Nongkhai,2025-11-11 14:47:03.646766
2025-06-20,4.31,2.67,2.92,7.4,4.08,3.25,6.63,4.13,2.6,4.45,2.08,2.81,0.0,4.48,2.29,4.09,3.32,3.02,2.69,5.77,4.85,2.28,2.9,12.2,11.4,NON,Nongkhai,2025-11-11 14:47:03.646766
2025-06-21,4.33,2.59,2.8,8.45,4.18,3.83,6.31,4.04,2.32,4.6,2.64,2.52,0.0,4.57,2.35,3.81,3.51,3.06,2.85,5.45,4.62,2.35,2.88,12.2,11.4,NON,Nongkhai,2025-11-11 14:47:03.646766
2025-06-22,4.33,2.51,2.69,8.84,4.14,4.16,6.04,3.88,2.24,4.57,3.24,2.25,0.0,4.33,2.34,3.44,3.59,2.91,3.24,5.12,4.63,2.44,2.88,12.2,11.4,NON,Nongkhai,2025-11-11 14:47:03.646766
2025-06-23,4.33,2.41,2.66,8.84,4.12,4.21,5.68,3.72,2.27,4.48,3.25,2.18,0.0,4.12,2.43,3.17,3.75,2.81,3.38,4.83,4.59,2.44,3.18,12.2,11.4,NON,Nongkhai,2025-11-11 14:47:03.646766
2025-06-24,4.34,2.28,2.73,8.65,4.18,4.12,5.49,3.57,2.4,4.47,3.2,2.21,0.0,3.99,2.56,3.12,4.18,2.66,3.26,4.51,4.47,2.5,3.3,12.2,11.4,NON,Nongkhai,2025-11-11 14:47:03.646766
2025-06-25,4.36,2.29,2.84,8.36,4.26,4.02,5.77,3.5,2.51,4.62,3.03,2.26,0.0,3.84,2.62,3.09,4.46,2.52,3.09,4.22,4.4,2.42,3.37,12.2,11.4,NON,Nongkhai,2025-11-11 14:47:03.646766
2025-06-26,4.42,2.45,2.97,8.16,4.59,4.08,6.07,3.46,2.55,4.72,2.74,2.38,0.0,3.68,2.72,2.9,4.49,2.52,2.9,4.14,4.21,2.15,3.45,12.2,11.4,NON,Nongkhai,2025-11-11 14:47:03.646766
2025-06-27,4.53,2.52,3.17,8.01,4.92,4.14,5.91,3.41,2.68,5.0,2.46,2.67,0.0,3.41,3.02,2.7,4.63,2.57,2.69,4.25,4.11,2.09,3.73,12.2,11.4,NON,Nongkhai,2025-11-11 14:47:03.646766
2025-06-28,4.71,2.6,3.32,7.87,5.24,4.19,5.51,3.32,2.9,8.4,2.26,3.91,0.0,3.06,3.16,2.54,4.91,2.19,2.57,4.12,4.08,2.88,4.22,12.2,11.4,NON,Nongkhai,2025-11-11 14:47:03.646766
2025-06-29,4.86,2.69,3.61,7.67,5.46,4.11,5.3,3.21,3.16,8.88,2.25,4.77,0.0,2.76,3.1,2.64,5.85,2.32,2.54,4.02,4.19,3.77,4.58,12.2,11.4,NON,Nongkhai,2025-11-11 14:47:03.646766
2025-06-30,4.98,2.66,4.2,7.43,5.36,4.13,5.29,3.06,3.36,8.42,2.34,4.68,0.0,2.6,3.23,3.01,7.39,2.27,2.61,3.91,4.64,3.92,4.92,12.2,11.4,NON,Nongkhai,2025-11-11 14:47:03.646766
2025-07-01,5.08,2.57,5.21,7.36,5.14,4.27,5.44,3.09,3.5,8.21,2.4,4.37,0.0,2.53,3.43,3.46,7.52,2.1,2.67,3.88,4.67,3.9,5.02,12.2,11.4,NON,Nongkhai,2025-11-11 14:47:03.646766
2025-07-02,5.2,2.4,5.87,7.57,5.02,4.48,6.38,3.39,3.52,8.38,2.38,4.04,0.0,2.51,3.56,3.92,7.62,1.99,2.7,3.86,4.42,3.63,5.08,12.2,11.4,NON,Nongkhai,2025-11-11 14:47:03.646766
2025-07-03,5.28,2.28,6.06,7.71,5.1,4.59,7.03,3.79,3.54,8.45,2.34,3.76,0.0,2.51,3.63,3.84,7.52,1.86,2.7,3.8,4.23,3.5,5.0,12.2,11.4,NON,Nongkhai,2025-11-11 14:47:03.646766
2025-07-04,5.28,2.32,6.22,7.74,5.29,4.55,6.8,4.2,3.66,8.3,2.22,3.52,0.0,2.67,3.54,3.45,7.12,1.9,2.78,3.72,4.1,3.45,4.72,12.2,11.4,NON,Nongkhai,2025-11-11 14:47:03.646766
2025-07-05,5.36,2.71,6.47,7.79,5.32,4.41,6.59,5.15,3.9,8.67,2.11,3.34,0.0,2.77,3.57,3.46,6.66,1.9,2.76,3.66,4.25,3.45,4.46,12.2,11.4,NON,Nongkhai,2025-11-11 14:47:03.646766
2025-07-06,5.45,3.6,7.08,7.9,5.12,4.36,6.44,5.96,4.02,8.74,2.02,3.27,0.0,2.72,3.66,3.64,6.32,1.84,2.77,3.65,4.16,3.58,4.38,12.2,11.4,NON,Nongkhai,2025-11-11 14:47:03.646766
2025-07-07,5.55,4.06,7.54,7.88,4.98,4.48,6.46,6.22,4.04,8.38,2.22,3.22,0.0,2.62,3.41,3.9,5.7,1.87,2.81,3.65,4.22,3.78,3.93,12.2,11.4,NON,Nongkhai,2025-11-11 14:47:03.646766
2025-07-08,5.67,4.19,7.87,7.56,4.85,4.58,6.38,8.8,3.94,8.13,2.82,3.16,0.0,2.58,3.42,3.98,5.21,1.95,2.6,3.78,4.31,4.12,3.68,12.2,11.4,NON,Nongkhai,2025-11-11 14:47:03.646766
2025-07-09,5.78,4.22,8.74,7.44,4.85,4.44,6.42,10.1,3.91,7.85,3.5,3.2,0.0,2.63,3.93,3.94,4.84,2.22,2.44,3.77,4.67,4.45,3.98,12.2,11.4,NON,Nongkhai,2025-11-11 14:47:03.646766
2025-07-10,5.9,4.3,9.0,7.37,5.03,4.25,7.28,9.97,3.88,7.42,4.01,3.48,0.0,2.87,4.7,3.8,4.42,2.4,2.55,3.62,4.8,4.35,4.03,12.2,11.4,NON,Nongkhai,2025-11-11 14:47:03.646766
2025-07-11,6.0,4.35,8.75,7.48,5.23,4.08,8.48,9.43,3.76,7.09,4.65,3.84,0.0,3.13,5.49,3.86,4.26,2.38,2.6,3.55,4.97,4.02,4.18,12.2,11.4,NON,Nongkhai,2025-11-11 14:47:03.646766
2025-07-12,6.12,4.51,8.29,8.73,5.41,4.0,8.92,8.99,3.67,6.96,4.95,4.11,0.0,3.4,5.63,3.89,4.21,2.24,2.62,3.67,5.38,3.7,4.22,12.2,11.4,NON,Nongkhai,2025-11-11 14:47:03.646766
2025-07-13,6.24,4.94,7.91,9.65,5.58,3.93,9.06,8.62,3.57,6.99,4.87,4.15,0.0,3.46,5.48,3.92,4.62,2.04,2.7,3.92,5.78,3.38,4.06,12.2,11.4,NON,Nongkhai,2025-11-11 14:47:03.646766
2025-07-14,6.4,5.0,7.99,10.4,5.62,3.85,8.52,8.89,3.96,6.85,4.66,4.22,0.0,3.46,5.13,4.08,5.47,1.89,2.68,3.83,6.09,3.33,3.86,12.2,11.4,NON,Nongkhai,2025-11-11 14:47:03.646766
2025-07-15,6.52,5.02,8.71,10.7,6.02,3.66,7.98,8.24,4.28,6.84,4.68,4.44,0.0,3.58,4.74,4.62,5.83,1.84,2.63,3.65,6.58,3.38,3.65,12.2,11.4,NON,Nongkhai,2025-11-11 14:47:03.646766
2025-07-16,6.72,5.55,9.29,10.52,6.66,3.55,7.64,8.22,4.56,6.86,4.75,5.15,0.0,3.5,4.46,5.37,5.72,1.34,2.9,3.49,7.0,3.44,3.45,12.2,11.4,NON,Nongkhai,2025-11-11 14:47:03.646766
2025-07-17,6.83,5.84,9.49,10.29,7.05,3.49,7.44,8.06,4.51,7.09,4.68,5.82,0.0,3.2,4.2,5.95,5.62,0.8,3.7,3.5,7.26,3.52,3.62,12.2,11.4,NON,Nongkhai,2025-11-11 14:47:03.646766
2025-07-18,6.97,5.89,9.45,10.26,7.23,3.46,7.44,7.91,4.38,7.49,4.61,6.18,0.0,2.8,4.02,6.43,5.58,0.84,3.71,3.5,7.03,3.68,4.26,12.2,11.4,NON,Nongkhai,2025-11-11 14:47:03.646766
2025-07-19,7.09,5.94,9.24,10.2,7.06,3.56,7.92,7.9,4.26,7.8,4.46,6.24,0.0,2.5,4.12,7.11,6.06,0.85,3.49,3.3,6.62,3.93,4.98,12.2,11.4,NON,Nongkhai,2025-11-11 14:47:03.646766
2025-07-20,7.18,5.84,8.9,10.29,6.88,3.92,9.78,7.97,4.4,7.78,4.38,6.03,0.0,2.38,4.36,8.02,6.37,0.94,3.56,3.0,6.26,4.12,5.38,12.2,11.4,NON,Nongkhai,2025-11-11 14:47:03.646766
2025-07-21,7.22,5.57,8.56,10.42,6.93,4.36,10.6,7.88,4.81,8.02,4.16,5.86,0.0,2.74,4.72,7.88,6.27,1.3,3.62,2.68,6.12,4.02,5.45,12.2,11.4,NON,Nongkhai,2025-11-11 14:47:03.646766
2025-07-22,7.33,5.3,8.24,10.51,8.4,4.7,10.79,7.63,5.61,8.44,4.01,5.94,0.0,3.65,4.79,7.62,6.7,1.48,3.58,2.87,6.21,3.82,0.0,12.2,11.4,NON,Nongkhai,2025-11-11 14:47:03.646766
2025-07-23,7.52,5.08,7.89,10.61,8.52,4.91,10.92,7.3,6.08,8.86,4.44,5.96,0.0,4.86,4.71,7.36,8.3,1.52,3.6,3.15,6.75,3.62,4.86,12.2,11.4,NON,Nongkhai,2025-11-11 14:47:03.646766
2025-07-24,7.7,4.92,7.63,10.72,8.58,4.96,10.78,7.19,5.98,9.27,5.27,6.28,0.0,5.68,4.58,7.75,10.3,1.55,3.63,3.55,7.15,3.38,4.75,12.2,11.4,NON,Nongkhai,2025-11-11 14:47:03.646766
2025-07-25,7.81,4.93,7.45,10.95,8.68,5.21,10.44,7.27,6.04,9.53,6.05,6.82,0.0,5.88,4.48,8.03,10.19,1.54,3.66,5.04,7.03,3.12,5.1,12.2,11.4,NON,Nongkhai,2025-11-11 14:47:03.646766
2025-07-26,7.91,5.19,7.37,11.03,8.57,5.97,10.25,7.27,6.42,10.07,6.28,7.01,0.0,5.77,4.55,8.52,9.26,1.5,3.73,6.95,6.78,2.95,5.38,12.2,11.4,NON,Nongkhai,2025-11-11 14:47:03.646766
2025-07-27,8.04,5.59,7.24,11.11,8.34,7.54,10.5,7.11,7.0,10.3,6.39,7.01,0.0,5.72,4.8,8.86,8.88,1.45,3.73,7.64,6.45,3.15,5.83,12.2,11.4,NON,Nongkhai,2025-11-11 14:47:03.646766
2025-07-28,8.2,6.08,7.12,11.2,8.0,8.18,10.8,7.03,7.81,9.75,6.52,7.01,0.0,5.92,5.3,9.19,9.04,1.55,3.68,7.63,6.15,3.75,6.53,12.2,11.4,NON,Nongkhai,2025-11-11 14:47:03.646766
2025-07-29,8.34,6.88,7.43,11.16,7.88,8.24,10.77,6.84,8.58,9.38,7.55,6.98,0.0,7.07,5.74,9.5,9.26,1.92,3.5,7.18,5.92,3.88,6.25,12.2,11.4,NON,Nongkhai,2025-11-11 14:47:03.646766
2025-07-30,8.47,7.02,7.96,11.22,7.71,8.44,10.94,6.6,8.58,9.02,8.67,6.96,0.0,8.03,5.8,9.68,9.62,2.36,3.25,6.68,5.64,3.78,5.56,12.2,11.4,NON,Nongkhai,2025-11-11 14:47:03.646766
2025-07-31,8.56,7.13,8.41,10.86,7.73,8.62,11.05,6.43,8.26,8.73,9.32,7.68,0.0,8.71,5.61,9.23,10.55,2.96,3.09,6.18,5.31,3.85,5.32,12.2,11.4,NON,Nongkhai,2025-11-11 14:47:03.646766
2025-08-01,8.66,7.42,8.44,10.61,8.04,8.52,11.16,6.22,7.86,9.22,10.25,8.96,0.0,8.7,5.52,8.7,11.22,3.38,3.03,6.21,5.18,4.15,5.12,12.2,11.4,NON,Nongkhai,2025-11-11 14:47:03.646766
2025-08-02,8.7,7.53,8.28,10.24,8.55,8.42,11.26,6.08,7.53,10.07,10.82,9.32,0.0,8.54,5.49,8.1,11.52,3.68,3.15,6.2,5.16,4.68,5.55,12.2,11.4,NON,Nongkhai,2025-11-11 14:47:03.646766
2025-08-03,8.69,7.38,8.15,9.75,8.82,8.34,11.28,6.12,7.39,10.32,11.06,9.56,0.0,8.32,5.42,7.41,11.73,4.1,3.44,5.68,5.0,5.12,6.32,12.2,11.4,NON,Nongkhai,2025-11-11 14:47:03.646766
2025-08-04,8.74,7.32,8.07,9.46,8.56,8.52,11.31,6.38,7.56,10.21,11.66,9.85,0.0,8.23,5.52,6.79,11.32,3.98,4.2,5.37,5.13,5.4,6.88,12.2,11.4,NON,Nongkhai,2025-11-11 14:47:03.646766
2025-08-05,8.74,7.32,8.04,9.18,8.27,8.64,11.33,6.6,8.12,10.0,10.08,9.66,0.0,9.06,5.66,6.4,10.82,3.73,5.8,6.04,5.21,5.45,9.36,12.2,11.4,NON,Nongkhai,2025-11-11 14:47:03.646766
2025-08-06,8.75,7.55,8.07,8.93,8.22,8.82,11.21,6.58,8.52,9.6,9.55,9.3,0.0,10.66,5.62,6.36,10.42,3.88,6.18,6.09,5.26,5.55,10.38,12.2,11.4,NON,Nongkhai,2025-11-11 14:47:03.646766
2025-08-07,8.8,7.65,8.13,8.88,8.26,9.46,11.06,6.62,8.56,9.3,8.99,9.36,0.0,11.37,5.62,6.72,9.96,5.97,5.45,5.5,5.48,7.15,10.49,12.2,11.4,NON,Nongkhai,2025-11-11 14:47:03.646766
2025-08-08,8.87,7.36,8.43,8.88,8.36,9.91,10.97,6.46,8.79,9.04,9.03,9.6,0.0,11.4,5.85,7.32,9.83,5.6,5.05,5.02,5.76,8.35,9.82,12.2,11.4,NON,Nongkhai,2025-11-11 14:47:03.646766
2025-08-09,8.93,7.08,8.67,9.48,8.47,9.82,11.08,6.54,8.8,8.95,9.26,9.6,0.0,11.02,6.14,8.43,10.03,4.84,4.83,4.86,5.9,10.22,9.68,12.2,11.4,NON,Nongkhai,2025-11-11 14:47:03.646766
2025-08-10,9.01,6.83,8.77,10.2,8.72,9.72,11.42,7.78,8.63,9.3,10.64,10.16,0.0,10.73,6.41,8.6,10.25,4.23,4.85,4.75,5.75,11.35,9.36,12.2,11.4,NON,Nongkhai,2025-11-11 14:47:03.646766
2025-08-11,9.07,6.64,8.87,10.52,9.42,9.5,12.18,8.72,8.63,9.34,10.87,10.88,0.0,10.23,6.75,8.64,10.24,4.22,5.21,4.6,5.8,10.91,8.86,12.2,11.4,NON,Nongkhai,2025-11-11 14:47:03.646766
2025-08-12,9.06,6.49,9.07,10.5,9.68,9.12,12.7,9.16,8.56,9.19,10.24,10.96,0.0,9.78,7.2,8.44,10.07,4.48,5.38,4.36,6.03,9.87,8.35,12.2,11.4,NON,Nongkhai,2025-11-11 14:47:03.646766
2025-08-13,9.01,6.42,9.24,10.34,9.52,8.55,13.18,9.1,8.64,9.52,9.98,10.7,0.0,9.29,7.45,8.02,9.65,4.72,5.32,4.12,6.22,8.97,7.92,12.2,11.4,NON,Nongkhai,2025-11-11 14:47:03.646766
2025-08-14,8.96,6.44,9.35,10.09,9.26,7.98,13.53,8.8,8.91,9.61,9.6,10.58,0.0,8.87,7.67,7.8,9.42,4.74,5.68,4.48,7.55,8.45,7.62,12.2,11.4,NON,Nongkhai,2025-11-11 14:47:03.646766
2025-08-15,8.95,6.5,9.26,9.77,8.93,7.49,13.6,8.42,8.83,9.62,9.17,10.54,0.0,8.48,8.48,7.82,9.46,4.52,6.1,4.62,8.66,7.66,7.75,12.2,11.4,NON,Nongkhai,2025-11-11 14:47:03.646766
2025-08-16,8.94,6.25,9.08,9.51,8.56,7.14,13.53,8.42,8.8,9.76,8.8,10.26,0.0,8.16,8.75,7.77,9.72,4.48,6.26,4.62,8.73,6.93,8.1,12.2,11.4,NON,Nongkhai,2025-11-11 14:47:03.646766
2025-08-17,9.01,5.99,8.97,9.36,8.26,6.95,13.3,8.2,8.9,9.8,8.7,9.82,0.0,7.85,10.19,7.76,10.23,4.52,6.38,4.58,9.13,6.72,8.45,12.2,11.4,NON,Nongkhai,2025-11-11 14:47:03.646766
2025-08-18,9.15,5.84,9.08,9.21,7.96,6.96,12.86,8.0,8.72,9.8,9.0,9.29,0.0,7.74,10.66,8.14,10.75,4.45,6.72,4.75,9.43,6.62,9.02,12.2,11.4,NON,Nongkhai,2025-11-11 14:47:03.646766
2025-08-19,9.33,5.58,9.25,9.12,7.72,7.46,12.41,7.87,8.84,10.26,9.1,8.68,0.0,7.44,10.4,9.04,11.91,4.73,6.96,5.65,9.06,6.28,9.84,12.2,11.4,NON,Nongkhai,2025-11-11 14:47:03.646766
2025-08-20,9.46,5.23,9.29,9.27,7.59,7.68,11.94,8.26,9.52,10.53,9.14,8.04,0.0,7.32,9.66,9.57,12.67,5.52,7.37,5.92,8.52,0.0,10.2,12.2,11.4,NON,Nongkhai,2025-11-11 14:47:03.646766
2025-08-21,9.54,4.84,9.32,9.42,7.55,8.04,11.74,8.4,9.32,10.74,9.8,7.78,0.0,7.28,10.55,9.87,12.59,5.54,7.99,5.88,7.95,5.56,10.32,12.2,11.4,NON,Nongkhai,2025-11-11 14:47:03.646766
2025-08-22,9.59,4.59,9.31,9.48,8.14,8.29,11.7,8.62,9.7,11.14,10.27,7.66,0.0,7.2,11.84,9.92,12.09,5.15,8.62,6.22,7.84,5.28,10.62,12.2,11.4,NON,Nongkhai,2025-11-11 14:47:03.646766
2025-08-23,9.59,4.42,9.31,9.6,9.22,8.26,11.64,8.77,9.97,11.45,10.43,8.92,0.0,7.26,11.41,9.48,11.65,4.94,9.2,6.55,7.9,0.0,11.27,12.2,11.4,NON,Nongkhai,2025-11-11 14:47:03.646766
2025-08-24,9.51,4.26,9.36,9.54,10.02,8.11,11.53,8.74,9.93,11.28,10.74,9.18,0.0,6.71,10.7,8.98,11.26,5.08,8.84,6.44,7.9,5.5,11.8,12.2,11.4,NON,Nongkhai,2025-11-11 14:47:03.646766
2025-08-25,9.44,4.16,9.47,9.42,10.06,7.97,11.3,8.62,9.72,10.92,11.24,8.98,0.0,6.6,10.5,8.56,11.07,5.02,8.73,6.23,8.07,5.45,11.78,12.2,11.4,NON,Nongkhai,2025-11-11 14:47:03.646766
2025-08-26,9.37,4.09,9.41,9.5,10.04,7.76,11.09,8.51,9.57,10.62,11.02,8.84,0.0,6.72,10.2,8.13,11.32,5.4,8.42,6.04,7.65,5.15,11.73,12.2,11.4,NON,Nongkhai,2025-11-11 14:47:03.646766
2025-08-27,9.33,4.17,9.19,9.55,10.22,7.57,10.89,8.36,9.53,10.62,10.52,8.61,0.0,6.74,9.87,7.81,11.56,5.65,8.22,5.87,7.66,5.0,11.93,12.2,11.4,NON,Nongkhai,2025-11-11 14:47:03.646766
2025-08-28,9.35,4.38,9.11,9.64,10.52,7.5,10.56,8.86,9.32,10.92,10.16,8.6,0.0,6.52,9.66,7.66,11.65,5.78,7.6,5.73,7.85,5.44,12.18,12.2,11.4,NON,Nongkhai,2025-11-11 14:47:03.646766
2025-08-29,9.3,4.51,9.08,9.36,10.62,7.91,10.28,8.34,9.31,11.08,9.8,8.83,0.0,6.44,9.33,7.79,11.4,5.82,6.88,5.42,9.28,5.45,12.69,12.2,11.4,NON,Nongkhai,2025-11-11 14:47:03.646766
2025-08-30,9.35,4.79,9.03,9.14,10.83,8.53,10.29,9.34,9.87,10.96,9.52,9.04,0.0,6.48,9.17,8.18,11.0,5.81,6.4,5.35,9.36,5.62,12.57,12.2,11.4,NON,Nongkhai,2025-11-11 14:47:03.646766
2025-08-31,9.42,5.11,8.86,9.06,10.94,8.98,10.23,9.03,10.98,10.66,9.29,9.62,0.0,6.36,9.04,8.64,10.86,5.69,6.27,5.35,8.96,5.64,11.98,12.2,11.4,NON,Nongkhai,2025-11-11 14:47:03.646766
2025-09-01,9.48,5.33,8.86,9.07,11.02,9.19,10.1,8.78,11.25,10.41,9.07,9.65,0.0,6.22,8.86,9.09,11.85,0.0,5.93,5.42,8.86,5.46,11.32,12.2,11.4,NON,Nongkhai,2025-11-11 14:47:03.646766
2025-09-02,9.51,5.45,9.01,9.23,10.94,9.18,10.29,8.56,11.22,10.13,8.89,9.42,0.0,6.64,8.7,9.1,12.32,5.25,5.4,5.62,8.36,5.1,10.67,12.2,11.4,NON,Nongkhai,2025-11-11 14:47:03.646766
2025-09-03,9.52,5.41,9.3,9.88,10.62,9.16,10.73,8.32,10.78,9.8,8.82,9.16,0.0,8.45,8.33,8.96,12.83,5.29,5.1,5.45,7.68,5.0,10.34,12.2,11.4,NON,Nongkhai,2025-11-11 14:47:03.646766
2025-09-04,9.52,5.37,9.43,10.81,10.2,8.86,10.98,8.39,10.28,9.48,8.7,8.75,0.0,8.83,7.97,8.76,12.54,4.9,4.96,5.3,7.46,4.78,10.07,12.2,11.4,NON,Nongkhai,2025-11-11 14:47:03.646766
2025-09-05,9.56,5.37,9.53,11.19,9.79,8.71,10.68,8.79,9.8,9.27,8.79,8.38,0.0,9.23,7.57,8.54,12.32,4.76,4.94,5.25,7.23,4.64,9.63,12.2,11.4,NON,Nongkhai,2025-11-11 14:47:03.646766
2025-09-06,9.6,5.39,9.57,11.56,9.39,8.65,10.5,8.96,9.35,9.26,8.71,8.17,0.0,9.57,7.32,8.64,12.42,4.57,4.92,5.31,7.22,4.64,9.45,12.2,11.4,NON,Nongkhai,2025-11-11 14:47:03.646766
2025-09-07,9.62,5.35,9.75,12.04,9.03,9.14,10.7,8.76,8.99,9.49,8.43,8.3,0.0,9.8,7.56,8.73,12.36,4.56,4.89,5.13,7.36,4.86,9.08,12.2,11.4,NON,Nongkhai,2025-11-11 14:47:03.646766
2025-09-08,9.7,5.45,10.48,12.26,8.69,10.24,11.22,8.34,8.53,9.44,8.31,9.3,0.0,9.76,8.63,8.66,12.34,4.58,4.78,5.25,7.32,4.98,8.9,12.2,11.4,NON,Nongkhai,2025-11-11 14:47:03.646766
2025-09-09,9.7,5.5,11.04,12.25,8.36,10.63,11.47,7.86,8.08,9.69,8.42,10.52,0.0,9.32,9.38,8.56,12.17,4.5,4.4,5.41,7.18,4.84,8.83,12.2,11.4,NON,Nongkhai,2025-11-11 14:47:03.646766
2025-09-10,9.63,5.42,11.0,12.16,8.1,10.76,11.47,7.62,7.7,9.79,8.66,10.8,0.0,8.93,9.22,8.5,11.66,4.17,4.32,5.4,7.23,4.57,9.28,12.2,11.4,NON,Nongkhai,2025-11-11 14:47:03.646766
2025-09-11,9.55,5.19,10.89,11.91,8.08,10.73,11.38,7.58,7.48,9.86,8.74,10.7,0.0,8.55,8.93,8.34,11.19,3.83,4.63,6.03,7.63,4.42,10.72,12.2,11.4,NON,Nongkhai,2025-11-11 14:47:03.646766
2025-09-12,9.47,5.16,10.84,11.64,8.29,10.56,11.36,7.61,7.37,10.0,8.42,10.52,0.0,8.28,8.8,8.26,10.84,3.65,4.55,6.84,8.2,4.46,12.25,12.2,11.4,NON,Nongkhai,2025-11-11 14:47:03.646766
2025-09-13,9.39,5.01,10.57,11.48,8.4,10.44,11.23,7.48,7.73,10.3,8.25,10.4,0.0,8.35,9.28,8.3,10.4,3.5,4.65,6.15,7.9,4.96,13.27,12.2,11.4,NON,Nongkhai,2025-11-11 14:47:03.646766
2025-09-14,9.31,4.94,10.12,11.46,8.2,10.26,10.97,7.24,8.18,10.48,8.17,10.4,0.0,8.19,10.28,8.52,10.1,3.47,4.91,5.66,7.8,5.11,13.7,12.2,11.4,NON,Nongkhai,2025-11-11 14:47:03.646766
2025-09-15,9.22,4.97,9.55,11.43,7.86,10.11,10.86,7.07,8.94,10.52,8.07,10.1,0.0,7.9,10.28,8.74,10.17,3.45,5.16,5.35,7.72,5.22,13.82,12.2,11.4,NON,Nongkhai,2025-11-11 14:47:03.646766
2025-09-16,9.09,5.07,9.11,11.22,7.49,10.13,10.69,7.14,9.54,10.42,8.31,9.72,0.0,7.74,9.61,9.02,10.38,3.49,5.26,5.53,7.74,5.52,13.42,12.2,11.4,NON,Nongkhai,2025-11-11 14:47:03.646766
2025-09-17,8.98,5.09,8.69,10.95,7.28,10.34,10.17,7.24,10.52,10.21,8.72,9.32,0.0,7.48,8.98,9.49,9.52,3.86,5.12,5.97,7.76,5.9,13.03,12.2,11.4,NON,Nongkhai,2025-11-11 14:47:03.646766
2025-09-18,8.91,5.29,8.6,10.74,6.8,10.39,9.87,7.35,10.73,10.25,8.73,8.9,0.0,7.14,8.65,10.02,9.79,3.87,5.01,6.26,7.66,6.58,12.57,12.2,11.4,NON,Nongkhai,2025-11-11 14:47:03.646766
2025-09-19,8.85,5.3,8.64,10.56,6.64,10.18,9.72,7.86,10.85,10.72,8.52,8.55,0.0,6.8,8.54,9.94,9.43,3.76,4.94,6.12,7.47,7.34,11.73,12.2,11.4,NON,Nongkhai,2025-11-11 14:47:03.646766
2025-09-20,8.83,5.42,8.26,10.35,6.54,10.15,9.6,8.12,10.72,11.25,8.27,8.34,0.0,6.75,8.49,9.47,9.46,3.82,5.08,5.45,0.0,7.86,10.93,12.2,11.4,NON,Nongkhai,2025-11-11 14:47:03.646766
2025-09-21,8.79,5.96,7.97,10.05,6.64,10.17,9.46,7.84,10.38,11.42,7.96,8.11,0.0,6.68,8.32,9.04,9.79,3.68,5.47,5.26,7.96,7.7,10.17,12.2,11.4,NON,Nongkhai,2025-11-11 14:47:03.646766
2025-09-22,8.68,6.57,7.65,9.72,6.92,9.9,9.25,7.68,10.08,11.67,7.62,7.78,0.0,6.3,8.28,8.78,9.29,3.17,6.08,4.88,7.81,7.38,9.67,12.2,11.4,NON,Nongkhai,2025-11-11 14:47:03.646766
2025-09-23,8.6,6.98,7.22,9.4,7.5,9.55,9.0,7.74,9.72,11.88,7.32,7.58,0.0,6.21,7.99,8.66,8.89,3.1,6.44,5.01,8.25,7.15,9.55,12.2,11.4,NON,Nongkhai,2025-11-11 14:47:03.646766
2025-09-24,8.52,7.0,6.84,9.22,8.4,9.22,8.82,7.86,9.48,11.87,7.1,7.4,0.0,6.32,7.62,8.52,8.46,3.0,6.1,5.21,7.93,7.08,9.68,12.2,11.4,NON,Nongkhai,2025-11-11 14:47:03.646766
2025-09-25,8.45,6.82,6.57,9.15,8.94,8.83,8.56,7.8,9.35,11.68,6.98,7.07,0.0,6.16,7.26,8.1,8.12,2.82,5.79,5.45,7.57,7.15,10.25,12.2,11.4,NON,Nongkhai,2025-11-11 14:47:03.646766
2025-09-26,8.33,6.62,6.43,8.99,9.0,8.35,8.25,7.75,9.16,11.4,6.76,6.76,0.0,6.32,6.99,7.68,8.45,2.53,5.85,5.51,7.7,7.06,10.26,12.2,11.4,NON,Nongkhai,2025-11-11 14:47:03.646766
2025-09-27,8.13,6.37,6.27,8.84,8.69,7.83,8.02,7.74,8.88,11.16,6.55,6.67,0.0,6.35,6.72,7.21,7.89,2.44,6.29,5.67,8.03,6.95,9.75,12.2,11.4,NON,Nongkhai,2025-11-11 14:47:03.646766
2025-09-28,7.98,6.18,6.09,8.62,8.33,7.42,7.86,8.11,8.91,11.0,6.43,6.7,0.0,6.38,6.72,6.82,7.32,2.35,6.01,5.74,8.2,6.65,9.15,12.2,11.4,NON,Nongkhai,2025-11-11 14:47:03.646766
2025-09-29,7.9,6.01,6.0,8.42,8.05,7.24,8.97,8.14,8.96,10.95,6.45,7.22,0.0,6.2,6.71,6.54,7.02,2.26,5.83,5.9,8.05,6.42,8.69,12.2,11.4,NON,Nongkhai,2025-11-11 14:47:03.646766
2025-09-30,7.85,5.85,5.94,8.27,7.83,7.1,10.29,7.92,8.8,10.99,6.45,7.34,0.0,5.8,6.67,6.53,6.95,2.36,5.83,5.65,7.65,6.73,8.2,12.2,11.4,NON,Nongkhai,2025-11-11 14:47:03.646766
2025-10-01,7.75,5.94,5.83,7.94,7.63,7.15,9.93,7.58,8.7,10.76,6.45,7.06,0.0,5.44,6.6,6.8,7.0,2.51,6.1,5.13,7.12,7.0,7.8,12.2,11.4,NON,Nongkhai,2025-11-11 14:47:03.646766
2025-10-02,7.63,6.01,5.62,7.98,7.34,7.12,9.55,7.07,8.66,10.39,6.28,6.87,0.0,4.89,6.5,7.04,7.18,2.42,6.1,4.65,7.6,7.05,7.72,12.2,11.4,NON,Nongkhai,2025-11-11 14:47:03.646766
2025-10-03,7.55,5.96,5.51,7.89,7.02,7.04,9.4,6.77,8.61,10.28,6.05,6.78,0.0,5.04,6.4,7.32,7.2,2.29,5.8,4.34,8.39,7.1,8.0,12.2,11.4,NON,Nongkhai,2025-11-11 14:47:03.646766
2025-10-04,7.48,5.8,5.52,7.64,6.81,6.96,9.04,6.86,8.46,10.74,5.81,6.72,0.0,5.1,6.46,7.26,6.9,2.23,5.48,4.17,8.42,6.92,8.62,12.2,11.4,NON,Nongkhai,2025-11-11 14:47:03.646766
2025-10-05,7.38,5.67,5.48,7.43,7.02,7.1,8.53,6.85,8.15,10.7,5.66,6.53,0.0,4.94,6.36,7.22,6.7,2.21,5.42,3.85,8.11,6.65,8.9,12.2,11.4,NON,Nongkhai,2025-11-11 14:47:03.646766
2025-10-06,7.3,5.75,5.29,7.34,7.61,7.44,8.06,6.51,7.82,10.08,5.54,6.36,0.0,4.8,6.14,7.36,6.64,2.16,5.31,3.58,7.86,6.6,8.53,12.2,11.4,NON,Nongkhai,2025-11-11 14:47:03.646766
2025-10-07,7.22,5.78,5.19,7.33,7.66,8.16,7.87,6.09,7.52,9.41,5.38,5.88,0.0,4.66,5.96,7.47,6.45,2.14,4.98,3.6,7.47,6.3,8.35,12.2,11.4,NON,Nongkhai,2025-11-11 14:47:03.646766
2025-10-08,7.15,5.6,5.17,7.49,7.54,8.53,8.1,5.67,7.12,8.64,5.75,5.52,0.0,4.67,6.06,7.3,6.1,2.1,4.78,3.55,7.2,6.05,8.12,12.2,11.4,NON,Nongkhai,2025-11-11 14:47:03.646766
2025-10-09,7.09,5.38,5.07,7.64,7.51,8.72,8.49,5.38,7.31,8.02,5.91,5.23,0.0,4.69,6.03,7.01,5.85,2.01,4.56,3.53,7.05,6.15,7.72,12.2,11.4,NON,Nongkhai,2025-11-11 14:47:03.646766
2025-10-10,7.03,5.16,4.88,7.84,8.25,8.9,8.34,5.17,6.26,7.5,5.74,5.06,0.0,4.71,5.82,6.94,5.72,1.82,4.55,3.48,6.78,6.88,7.28,12.2,11.4,NON,Nongkhai,2025-11-11 14:47:03.646766
2025-10-11,6.95,5.04,4.7,7.99,8.4,9.2,8.1,5.04,6.12,7.14,5.8,4.94,0.0,4.74,5.54,6.7,5.54,1.58,4.52,3.48,6.39,7.16,6.96,12.2,11.4,NON,Nongkhai,2025-11-11 14:47:03.646766
2025-10-12,6.89,4.93,4.64,7.84,8.42,9.49,7.76,5.14,5.84,6.77,5.92,4.87,0.0,4.99,5.42,6.37,5.48,1.35,4.5,3.48,6.09,6.96,6.56,12.2,11.4,NON,Nongkhai,2025-11-11 14:47:03.646766
2025-10-13,6.83,4.75,4.66,7.54,8.92,9.5,7.54,5.31,5.7,6.55,5.9,4.82,0.0,5.44,5.26,6.33,5.44,1.2,4.22,3.55,5.85,6.88,6.24,12.2,11.4,NON,Nongkhai,2025-11-11 14:47:03.646766
2025-10-14,6.85,4.53,4.75,7.27,10.09,9.38,7.37,5.38,5.7,6.42,5.76,4.69,0.0,6.08,5.62,6.52,5.62,1.19,3.77,3.85,5.65,6.65,5.96,12.2,11.4,NON,Nongkhai,2025-11-11 14:47:03.646766
2025-10-15,6.84,4.29,4.78,7.0,10.74,9.21,7.18,5.3,5.98,6.46,5.57,4.55,0.0,6.45,5.76,6.53,6.06,1.27,3.88,3.85,5.44,0.0,5.76,12.2,11.4,NON,Nongkhai,2025-11-11 14:47:03.646766
2025-10-16,6.75,4.13,4.77,6.59,10.92,8.85,6.98,5.28,6.66,6.36,5.39,4.38,0.0,6.52,5.48,6.4,6.42,1.42,3.78,3.54,5.2,6.45,5.53,12.2,11.4,NON,Nongkhai,2025-11-11 14:47:03.646766
2025-10-17,6.61,4.04,4.71,6.2,10.75,8.52,6.79,5.22,7.02,6.35,5.25,4.3,0.0,6.56,5.26,6.13,6.4,1.65,3.55,3.48,5.13,6.31,5.38,12.2,11.4,NON,Nongkhai,2025-11-11 14:47:03.646766
2025-10-18,6.45,4.04,4.67,5.9,10.25,8.32,6.64,5.16,6.88,6.22,5.19,4.53,0.0,6.16,5.22,6.37,6.21,1.73,3.52,3.62,4.95,6.2,0.0,12.2,11.4,NON,Nongkhai,2025-11-11 14:47:03.646766
2025-10-19,6.36,4.37,4.67,5.76,9.7,8.07,6.46,5.01,6.66,6.04,5.1,4.91,0.0,5.68,5.22,7.26,6.23,1.74,3.52,3.76,4.64,5.93,5.23,12.2,11.4,NON,Nongkhai,2025-11-11 14:47:03.646766
2025-10-20,6.22,5.21,4.78,5.77,9.2,7.68,6.3,4.86,6.6,5.92,5.17,5.74,0.0,5.18,5.07,7.2,6.1,1.88,3.38,3.61,4.38,5.58,5.23,12.2,11.4,NON,Nongkhai,2025-11-11 14:47:03.646766
2025-10-21,6.08,6.25,4.83,5.73,8.68,7.27,6.18,4.74,6.78,5.79,5.24,5.56,0.0,4.86,4.74,7.05,5.98,2.28,3.05,3.26,4.18,5.32,4.96,12.2,11.4,NON,Nongkhai,2025-11-11 14:47:03.646766
2025-10-22,5.92,6.78,4.71,5.59,8.2,6.9,6.01,4.65,6.7,5.67,5.22,5.13,0.0,4.56,4.44,6.67,5.92,2.45,2.99,3.05,4.05,5.09,4.9,12.2,11.4,NON,Nongkhai,2025-11-11 14:47:03.646766
2025-10-23,5.78,6.65,4.6,5.53,7.75,6.63,5.94,4.63,6.38,5.46,5.2,4.83,0.0,4.18,4.11,6.41,5.86,1.85,3.03,3.07,3.96,4.91,4.75,12.2,11.4,NON,Nongkhai,2025-11-11 14:47:03.646766
2025-10-24,5.68,6.27,4.54,5.65,7.32,6.41,5.9,4.6,5.96,5.29,5.17,4.72,0.0,3.97,3.64,6.1,5.82,1.81,3.03,3.31,4.0,4.72,4.58,12.2,11.4,NON,Nongkhai,2025-11-11 14:47:03.646766
2025-10-25,5.63,5.88,4.52,5.91,6.93,6.26,5.79,4.54,5.72,5.2,5.1,4.8,0.0,4.07,3.73,6.21,5.75,2.04,2.95,3.47,3.78,4.38,4.43,12.2,11.4,NON,Nongkhai,2025-11-11 14:47:03.646766
2025-10-26,5.61,5.64,4.5,6.05,6.6,6.2,5.71,4.52,5.79,5.18,4.96,5.3,0.0,3.73,4.14,5.86,5.7,1.55,2.99,3.45,3.45,4.24,4.33,12.2,11.4,NON,Nongkhai,2025-11-11 14:47:03.646766
2025-10-27,5.6,5.31,4.48,6.22,6.49,6.24,5.96,4.37,6.2,5.19,4.8,6.3,0.0,3.62,4.34,5.56,5.72,1.26,3.11,3.43,3.36,3.95,4.43,12.2,11.4,NON,Nongkhai,2025-11-11 14:47:03.646766
2025-10-28,5.57,5.1,4.51,6.05,6.29,6.42,6.24,4.3,6.16,5.12,4.68,7.05,0.0,3.72,4.43,5.52,5.64,1.2,3.16,3.43,3.36,3.78,4.23,12.2,11.4,NON,Nongkhai,2025-11-11 14:47:03.646766
2025-10-29,5.52,5.08,4.67,5.83,6.05,6.49,6.24,4.37,6.15,4.9,4.58,7.18,0.0,3.82,4.62,5.56,5.76,1.2,3.06,3.51,3.38,3.76,4.18,12.2,11.4,NON,Nongkhai,2025-11-11 14:47:03.646766
2025-10-30,5.49,5.6,4.85,5.7,5.85,6.35,6.19,4.42,5.94,4.64,4.57,6.98,0.0,3.9,4.53,6.1,5.9,1.21,2.65,3.52,3.42,4.1,4.02,12.2,11.4,NON,Nongkhai,2025-11-11 14:47:03.646766
2025-10-31,5.45,6.14,4.91,5.66,5.68,6.13,6.13,4.23,5.81,4.46,4.72,6.6,0.0,3.93,4.38,6.8,5.9,1.38,2.62,3.48,3.43,4.45,4.08,12.2,11.4,NON,Nongkhai,2025-11-11 14:47:03.646766