phase,fold,partition,model,architecture,lookback_days,station_set,seed,horizon_days,n,MAE_m,RMSE_m,bias_m,NSE,KGE,MAE_skill_vs_persistence
E4,A,validation,persistence,tcn_gru,60,S0,42,1,286,0.2124825174825175,0.2896688487877872,-0.0056993006993007,0.984638332245271,0.9919254811489544,0.0
E4,A,validation,persistence,tcn_gru,60,S0,42,3,286,0.5437062937062938,0.7305955995418602,-0.0162937062937062,0.9013620988069022,0.9504747375016004,0.0
E4,A,validation,persistence,tcn_gru,60,S0,42,5,286,0.7651048951048952,1.009260616989979,-0.027062937062937,0.8097953313113505,0.905250930028134,0.0
E4,A,validation,persistence,tcn_gru,60,S0,42,7,286,0.9112237762237764,1.1668409626713625,-0.0383566433566433,0.7427657800511018,0.87246174168187,0.0
E4,A,validation,persistence,tcn_gru,60,S0,42,14,286,1.041258741258741,1.407014892988311,-0.0859440559440559,0.6044994670145496,0.8063844268516253,0.0
E4,A,validation,tcn_gru,tcn_gru,60,S0,42,1,286,0.22894358801675,0.2911100044227028,0.0188032279814869,0.984485097778934,0.989805137763787,-0.0774702348657314
E4,A,validation,tcn_gru,tcn_gru,60,S0,42,3,286,0.5457031303769225,0.7147427911795071,-0.0060256238583922,0.9055962412743842,0.949206335916154,-0.0036726385067513
E4,A,validation,tcn_gru,tcn_gru,60,S0,42,5,286,0.7322041893088733,0.9540466205026314,-0.0261635626362758,0.8300372637136005,0.9037570385729294,0.0430015622779557
E4,A,validation,tcn_gru,tcn_gru,60,S0,42,7,286,0.8544516496933424,1.0890484347646634,-0.041814468669725,0.7759217010418701,0.8729971813283266,0.0623031663700704
E4,A,validation,tcn_gru,tcn_gru,60,S0,42,14,286,0.9151675947187664,1.234671079910821,-0.0492311680025157,0.6954544656903836,0.821615256019296,0.1210949224661946
E4,B,validation,persistence,tcn_gru,60,S0,42,1,62,0.2145161290322579,0.3655530498546886,-0.032258064516129,0.9309945027872958,0.9566694431455778,0.0
E4,B,validation,persistence,tcn_gru,60,S0,42,3,62,0.5146774193548387,0.7111655585114504,-0.1204838709677419,0.7705239603978722,0.8478328815108065,0.0
E4,B,validation,persistence,tcn_gru,60,S0,42,5,62,0.6679032258064516,0.8785554492571057,-0.2137096774193548,0.6906662769398197,0.774411348917677,0.0
E4,B,validation,persistence,tcn_gru,60,S0,42,7,62,0.8017741935483871,1.052313120333395,-0.2701612903225806,0.5985952285682989,0.7055399863549991,0.0
E4,B,validation,persistence,tcn_gru,60,S0,42,14,62,1.214516129032258,1.5788021183898435,-0.626774193548387,0.3269259768834424,0.5049468732195747,0.0
E4,B,validation,tcn_gru,tcn_gru,60,S0,42,1,62,0.3059258124136155,0.4669387375373546,0.0533796797260159,0.8874092594165005,0.9322888720271076,-0.4261203285446746
E4,B,validation,tcn_gru,tcn_gru,60,S0,42,3,62,0.5754946384699113,0.7882448710911568,0.071732397867787,0.7180849756680476,0.8053292470034931,-0.1181657030753526
E4,B,validation,tcn_gru,tcn_gru,60,S0,42,5,62,0.6978610899371486,0.9151166680500056,0.0048486387345096,0.6643846263629238,0.7731514715388987,-0.0448536000024926
E4,B,validation,tcn_gru,tcn_gru,60,S0,42,7,62,0.7775592184451317,1.0691156997895233,-0.022087743013136,0.5856742031037795,0.6901923834864231,0.0302017392154865
E4,B,validation,tcn_gru,tcn_gru,60,S0,42,14,62,1.2334609919209636,1.4657631532320474,-0.1495405434793044,0.4198570368834488,0.5325315090036981,-0.0155986918871147
E4,C,validation,persistence,tcn_gru,60,S0,42,1,277,0.2017328519855595,0.3289793866233942,0.0015884476534296,0.9553548841246552,0.977644622149306,0.0
E4,C,validation,persistence,tcn_gru,60,S0,42,3,277,0.4883032490974729,0.7602840054565587,0.0063537906137184,0.7632174971887316,0.8810335904786388,0.0
E4,C,validation,persistence,tcn_gru,60,S0,42,5,277,0.6615162454873647,1.0256705123966467,0.0128519855595667,0.573753852715045,0.7846299942664365,0.0
E4,C,validation,persistence,tcn_gru,60,S0,42,7,277,0.8051263537906137,1.1816325975817823,0.0224548736462093,0.4422828632477958,0.7160880484096872,0.0
E4,C,validation,persistence,tcn_gru,60,S0,42,14,277,1.0539350180505416,1.3963635081637618,0.0540794223826714,0.2545565946429161,0.6117319928666797,0.0
E4,C,validation,tcn_gru,tcn_gru,60,S0,42,1,277,0.2734346558600125,0.4233408757419699,0.0054096051630989,0.9260706327469,0.95508545082219,-0.3554294859202485
E4,C,validation,tcn_gru,tcn_gru,60,S0,42,3,277,0.5503666501699372,0.8542557462015238,-0.0064191419295027,0.7010670993849463,0.8283308685083649,-0.1271001190083736
E4,C,validation,tcn_gru,tcn_gru,60,S0,42,5,277,0.6855494081414563,1.0567238196621611,0.0075925769100118,0.5475529918835971,0.743587373762818,-0.0363304194236158
E4,C,validation,tcn_gru,tcn_gru,60,S0,42,7,277,0.8536936990577821,1.1867581990894842,0.0685530469004426,0.437433918159464,0.6634226166811675,-0.060322637606518
E4,C,validation,tcn_gru,tcn_gru,60,S0,42,14,277,1.0314592493268986,1.3256417837688366,0.051338866630616,0.3281534913772447,0.5419312017010851,0.0213255735303455
E4,D,validation,persistence,tcn_gru,60,S0,42,1,38,0.1092105263157894,0.1596295052531593,-0.0413157894736842,0.988528531674252,0.9335148117583818,0.0
E4,D,validation,persistence,tcn_gru,60,S0,42,3,38,0.3934210526315789,0.6895250081339365,-0.2313157894736842,0.8749430857522572,0.6938786191304969,0.0
E4,D,validation,persistence,tcn_gru,60,S0,42,5,38,0.763421052631579,1.4973160198027318,-0.5334210526315789,0.6943618334124293,0.4637963624621306,0.0
E4,D,validation,persistence,tcn_gru,60,S0,42,7,38,1.0628947368421056,2.0221139277602798,-0.7876315789473683,0.5998455208780628,0.3596621227770213,0.0
E4,D,validation,persistence,tcn_gru,60,S0,42,14,38,0.8089473684210525,1.4211300173860906,-0.4342105263157892,0.6755194553023375,0.5107948872403254,0.0
E4,D,validation,tcn_gru,tcn_gru,60,S0,42,1,38,0.1205753676044313,0.1671275627342336,0.0078231744232928,0.9874255547386516,0.9470163568040348,-0.1040636069803349
E4,D,validation,tcn_gru,tcn_gru,60,S0,42,3,38,0.4194207332636179,0.6732714318610268,-0.1070009632487047,0.8807693152572945,0.6995537725427469,-0.0660861447503331
E4,D,validation,tcn_gru,tcn_gru,60,S0,42,5,38,0.7855673508267653,1.4557804340988958,-0.3630662234205949,0.7110834636075103,0.4835942858056532,-0.0290092840888342
E4,D,validation,tcn_gru,tcn_gru,60,S0,42,7,38,1.1305004811286925,2.0366507446846622,-0.560782625110526,0.5940714829256515,0.3663056670382271,-0.0636053053451424
E4,D,validation,tcn_gru,tcn_gru,60,S0,42,14,38,0.983737688315542,1.4590051107060575,-0.065464731078399,0.6579932613901075,0.4902564293287507,-0.2160713128168707
E4,A,validation,persistence,tcn_gru,60,S1,42,1,286,0.2124825174825175,0.2896688487877872,-0.0056993006993007,0.984638332245271,0.9919254811489544,0.0
E4,A,validation,persistence,tcn_gru,60,S1,42,3,286,0.5437062937062938,0.7305955995418602,-0.0162937062937062,0.9013620988069022,0.9504747375016004,0.0
E4,A,validation,persistence,tcn_gru,60,S1,42,5,286,0.7651048951048952,1.009260616989979,-0.027062937062937,0.8097953313113505,0.905250930028134,0.0
E4,A,validation,persistence,tcn_gru,60,S1,42,7,286,0.9112237762237764,1.1668409626713625,-0.0383566433566433,0.7427657800511018,0.87246174168187,0.0
E4,A,validation,persistence,tcn_gru,60,S1,42,14,286,1.041258741258741,1.407014892988311,-0.0859440559440559,0.6044994670145496,0.8063844268516253,0.0
E4,A,validation,tcn_gru,tcn_gru,60,S1,42,1,286,0.1913050825737571,0.2421290695251962,0.0261889286349699,0.989266814201689,0.9854117120211674,0.0996667168653193
E4,A,validation,tcn_gru,tcn_gru,60,S1,42,3,286,0.5016782643661631,0.6471699906670971,0.0369262289584095,0.922602584226264,0.9579586620192468,0.0772991407799187
E4,A,validation,tcn_gru,tcn_gru,60,S1,42,5,286,0.723326320214705,0.9453416189968392,0.0068065663817875,0.8331246936764324,0.910462033636666,0.0546050288757626
E4,A,validation,tcn_gru,tcn_gru,60,S1,42,7,286,0.8692216707526387,1.1152124571216884,-0.0312755246845995,0.7650255549960572,0.8705677961250116,0.0460941719993298
E4,A,validation,tcn_gru,tcn_gru,60,S1,42,14,286,0.9419904200763968,1.2494145533818886,-0.0404579707042324,0.6881377520158192,0.8059929412530823,0.0953349222906329
E4,B,validation,persistence,tcn_gru,60,S1,42,1,62,0.2145161290322579,0.3655530498546886,-0.032258064516129,0.9309945027872958,0.9566694431455778,0.0
E4,B,validation,persistence,tcn_gru,60,S1,42,3,62,0.5146774193548387,0.7111655585114504,-0.1204838709677419,0.7705239603978722,0.8478328815108065,0.0
E4,B,validation,persistence,tcn_gru,60,S1,42,5,62,0.6679032258064516,0.8785554492571057,-0.2137096774193548,0.6906662769398197,0.774411348917677,0.0
E4,B,validation,persistence,tcn_gru,60,S1,42,7,62,0.8017741935483871,1.052313120333395,-0.2701612903225806,0.5985952285682989,0.7055399863549991,0.0
E4,B,validation,persistence,tcn_gru,60,S1,42,14,62,1.214516129032258,1.5788021183898435,-0.626774193548387,0.3269259768834424,0.5049468732195747,0.0
E4,B,validation,tcn_gru,tcn_gru,60,S1,42,1,62,0.3183304360220508,0.4237086672060309,0.1811136351093167,0.9072919253258848,0.9009142479161616,-0.4839463934862524
E4,B,validation,tcn_gru,tcn_gru,60,S1,42,3,62,0.6045702546258127,0.8220496043515293,0.126958192048534,0.6933860120196276,0.7798221594771432,-0.1746585956377433
E4,B,validation,tcn_gru,tcn_gru,60,S1,42,5,62,0.702070166833939,0.9064520186254929,0.1181045248431542,0.6707099894919331,0.7438116763159939,-0.0511555262908529
E4,B,validation,tcn_gru,tcn_gru,60,S1,42,7,62,0.8263825108735791,1.0608100823805249,0.1158468955755231,0.5920867263499802,0.6830756528975415,-0.030692328991388
E4,B,validation,tcn_gru,tcn_gru,60,S1,42,14,62,1.2417163321664255,1.479228047253607,-0.0558004488483554,0.4091493818865094,0.5425759550227365,-0.0223959175872294
E4,C,validation,persistence,tcn_gru,60,S1,42,1,277,0.2017328519855595,0.3289793866233942,0.0015884476534296,0.9553548841246552,0.977644622149306,0.0
E4,C,validation,persistence,tcn_gru,60,S1,42,3,277,0.4883032490974729,0.7602840054565587,0.0063537906137184,0.7632174971887316,0.8810335904786388,0.0
E4,C,validation,persistence,tcn_gru,60,S1,42,5,277,0.6615162454873647,1.0256705123966467,0.0128519855595667,0.573753852715045,0.7846299942664365,0.0
E4,C,validation,persistence,tcn_gru,60,S1,42,7,277,0.8051263537906137,1.1816325975817823,0.0224548736462093,0.4422828632477958,0.7160880484096872,0.0
E4,C,validation,persistence,tcn_gru,60,S1,42,14,277,1.0539350180505416,1.3963635081637618,0.0540794223826714,0.2545565946429161,0.6117319928666797,0.0
E4,C,validation,tcn_gru,tcn_gru,60,S1,42,1,277,0.2589879987429195,0.3789418193989203,0.0604527820533791,0.9407645552813314,0.9020829127419046,-0.2838166723655817
E4,C,validation,tcn_gru,tcn_gru,60,S1,42,3,277,0.5378878658687164,0.8066366869547257,0.0964629659928137,0.7334652497302403,0.8645015450564055,-0.1015447201362889
E4,C,validation,tcn_gru,tcn_gru,60,S1,42,5,277,0.7178806199063462,1.0802552932868723,0.1096250262587507,0.5271781555339093,0.7689547659107502,-0.0852048227136972
E4,C,validation,tcn_gru,tcn_gru,60,S1,42,7,277,0.8747135166872279,1.2439008931804034,0.1778742979020415,0.381954253612221,0.6931773217486928,-0.0864301144397907
E4,C,validation,tcn_gru,tcn_gru,60,S1,42,14,277,1.0952683646067811,1.3945694644216866,0.3317654837081576,0.2564708511409842,0.6163174392202306,-0.0392181167228828
E4,D,validation,persistence,tcn_gru,60,S1,42,1,38,0.1092105263157894,0.1596295052531593,-0.0413157894736842,0.988528531674252,0.9335148117583818,0.0
E4,D,validation,persistence,tcn_gru,60,S1,42,3,38,0.3934210526315789,0.6895250081339365,-0.2313157894736842,0.8749430857522572,0.6938786191304969,0.0
E4,D,validation,persistence,tcn_gru,60,S1,42,5,38,0.763421052631579,1.4973160198027318,-0.5334210526315789,0.6943618334124293,0.4637963624621306,0.0
E4,D,validation,persistence,tcn_gru,60,S1,42,7,38,1.0628947368421056,2.0221139277602798,-0.7876315789473683,0.5998455208780628,0.3596621227770213,0.0
E4,D,validation,persistence,tcn_gru,60,S1,42,14,38,0.8089473684210525,1.4211300173860906,-0.4342105263157892,0.6755194553023375,0.5107948872403254,0.0
E4,D,validation,tcn_gru,tcn_gru,60,S1,42,1,38,0.1672381354946839,0.2154161819103816,0.0679474669694898,0.9791094764979296,0.955650170538226,-0.5313371442886718
E4,D,validation,tcn_gru,tcn_gru,60,S1,42,3,38,0.3703256851120999,0.5994293673629246,-0.1748199818636243,0.9054887087808282,0.7617733848769643,0.0587039441966691
E4,D,validation,tcn_gru,tcn_gru,60,S1,42,5,38,0.7557140351910339,1.4230350409347972,-0.3680813988886384,0.7239346931667792,0.4930426590113538,0.0100953692775151
E4,D,validation,tcn_gru,tcn_gru,60,S1,42,7,38,1.08142166925104,1.9284380528114,-0.5331452070725593,0.636061645859439,0.3990174202390047,-0.0174306370769872
E4,D,validation,tcn_gru,tcn_gru,60,S1,42,14,38,0.8602543286900771,1.2871323081317847,0.0190169499422373,0.7338249036251054,0.5871438421793176,-0.0634243490638559
E4,A,validation,persistence,tcn_gru,60,S2,42,1,286,0.2124825174825175,0.2896688487877872,-0.0056993006993007,0.984638332245271,0.9919254811489544,0.0
E4,A,validation,persistence,tcn_gru,60,S2,42,3,286,0.5437062937062938,0.7305955995418602,-0.0162937062937062,0.9013620988069022,0.9504747375016004,0.0
E4,A,validation,persistence,tcn_gru,60,S2,42,5,286,0.7651048951048952,1.009260616989979,-0.027062937062937,0.8097953313113505,0.905250930028134,0.0
E4,A,validation,persistence,tcn_gru,60,S2,42,7,286,0.9112237762237764,1.1668409626713625,-0.0383566433566433,0.7427657800511018,0.87246174168187,0.0
E4,A,validation,persistence,tcn_gru,60,S2,42,14,286,1.041258741258741,1.407014892988311,-0.0859440559440559,0.6044994670145496,0.8063844268516253,0.0
E4,A,validation,tcn_gru,tcn_gru,60,S2,42,1,286,0.1319711942814444,0.1736652325128728,0.0456453775901056,0.9944784558970016,0.9791797451048742,0.3789079880781124
E4,A,validation,tcn_gru,tcn_gru,60,S2,42,3,286,0.4158669455193138,0.5549289692992375,0.0362439141698646,0.9430931543964496,0.9704507718345572,0.2351257465046704
E4,A,validation,tcn_gru,tcn_gru,60,S2,42,5,286,0.6598125094300383,0.8757776769946245,0.0090782233301572,0.8567804642614961,0.9270981260905216,0.1376182355498083
E4,A,validation,tcn_gru,tcn_gru,60,S2,42,7,286,0.8346192421529676,1.0841508660168957,0.0091464633874955,0.77793257803934,0.8817662340458582,0.0840677515991377
E4,A,validation,tcn_gru,tcn_gru,60,S2,42,14,286,0.9721733843029796,1.2979969751353715,-0.0331296715869774,0.66341322716965,0.8002631647658903,0.0663479250817589
E4,B,validation,persistence,tcn_gru,60,S2,42,1,62,0.2145161290322579,0.3655530498546886,-0.032258064516129,0.9309945027872958,0.9566694431455778,0.0
E4,B,validation,persistence,tcn_gru,60,S2,42,3,62,0.5146774193548387,0.7111655585114504,-0.1204838709677419,0.7705239603978722,0.8478328815108065,0.0
E4,B,validation,persistence,tcn_gru,60,S2,42,5,62,0.6679032258064516,0.8785554492571057,-0.2137096774193548,0.6906662769398197,0.774411348917677,0.0
E4,B,validation,persistence,tcn_gru,60,S2,42,7,62,0.8017741935483871,1.052313120333395,-0.2701612903225806,0.5985952285682989,0.7055399863549991,0.0
E4,B,validation,persistence,tcn_gru,60,S2,42,14,62,1.214516129032258,1.5788021183898435,-0.626774193548387,0.3269259768834424,0.5049468732195747,0.0
E4,B,validation,tcn_gru,tcn_gru,60,S2,42,1,62,0.1952736722173229,0.2735963734018347,0.0476524515209657,0.96134519034821,0.9247010147677076,0.0897016783854116
E4,B,validation,tcn_gru,tcn_gru,60,S2,42,3,62,0.482138453971955,0.695711546487111,0.040095074676698,0.7803888748288682,0.8111517574404686,0.0632220574659602
E4,B,validation,tcn_gru,tcn_gru,60,S2,42,5,62,0.6462311433015331,0.823453232318372,-0.0449072215826282,0.7282517272858584,0.7558918108903516,0.032447938065804
E4,B,validation,tcn_gru,tcn_gru,60,S2,42,7,62,0.7981317695302347,0.9836916821727312,0.029619577719319,0.6492395986651571,0.6624167471490291,0.004542954921051
E4,B,validation,tcn_gru,tcn_gru,60,S2,42,14,62,1.264692794103776,1.4504564365385522,-0.2046184774560315,0.4319104403970484,0.4851573494091233,-0.0413141199792046
E4,C,validation,persistence,tcn_gru,60,S2,42,1,277,0.2017328519855595,0.3289793866233942,0.0015884476534296,0.9553548841246552,0.977644622149306,0.0
E4,C,validation,persistence,tcn_gru,60,S2,42,3,277,0.4883032490974729,0.7602840054565587,0.0063537906137184,0.7632174971887316,0.8810335904786388,0.0
E4,C,validation,persistence,tcn_gru,60,S2,42,5,277,0.6615162454873647,1.0256705123966467,0.0128519855595667,0.573753852715045,0.7846299942664365,0.0
E4,C,validation,persistence,tcn_gru,60,S2,42,7,277,0.8051263537906137,1.1816325975817823,0.0224548736462093,0.4422828632477958,0.7160880484096872,0.0
E4,C,validation,persistence,tcn_gru,60,S2,42,14,277,1.0539350180505416,1.3963635081637618,0.0540794223826714,0.2545565946429161,0.6117319928666797,0.0
E4,C,validation,tcn_gru,tcn_gru,60,S2,42,1,277,0.1979236990643753,0.2398966069418949,-0.1314698082725066,0.9762597771002142,0.9239640981581618,0.0188821646236223
E4,C,validation,tcn_gru,tcn_gru,60,S2,42,3,277,0.4009648977784903,0.626004332052846,-0.0328348038407441,0.8394713417074335,0.9146721684181196,0.1788608850758403
E4,C,validation,tcn_gru,tcn_gru,60,S2,42,5,277,0.5961509433593131,0.9409328703492496,-0.0308941124664749,0.6412747000209612,0.8233781685577964,0.0988113331667228
E4,C,validation,tcn_gru,tcn_gru,60,S2,42,7,277,0.7287180754682218,1.128821867393807,-0.0205301472168108,0.4910209692894534,0.7335825506038947,0.094902219959208
E4,C,validation,tcn_gru,tcn_gru,60,S2,42,14,277,1.0336125395831648,1.375478537670765,0.0109008915544845,0.2766885629690853,0.5905340257915972,0.0192824776853578
E4,D,validation,persistence,tcn_gru,60,S2,42,1,38,0.1092105263157894,0.1596295052531593,-0.0413157894736842,0.988528531674252,0.9335148117583818,0.0
E4,D,validation,persistence,tcn_gru,60,S2,42,3,38,0.3934210526315789,0.6895250081339365,-0.2313157894736842,0.8749430857522572,0.6938786191304969,0.0
E4,D,validation,persistence,tcn_gru,60,S2,42,5,38,0.763421052631579,1.4973160198027318,-0.5334210526315789,0.6943618334124293,0.4637963624621306,0.0
E4,D,validation,persistence,tcn_gru,60,S2,42,7,38,1.0628947368421056,2.0221139277602798,-0.7876315789473683,0.5998455208780628,0.3596621227770213,0.0
E4,D,validation,persistence,tcn_gru,60,S2,42,14,38,0.8089473684210525,1.4211300173860906,-0.4342105263157892,0.6755194553023375,0.5107948872403254,0.0
E4,D,validation,tcn_gru,tcn_gru,60,S2,42,1,38,0.071676730168493,0.1006498533443233,0.0427069056347794,0.995439431660918,0.975491795656955,0.3436829526740391
E4,D,validation,tcn_gru,tcn_gru,60,S2,42,3,38,0.358039907483678,0.6051304197522107,-0.0707253960716098,0.9036824038943774,0.742146305608476,0.089932007733795
E4,D,validation,tcn_gru,tcn_gru,60,S2,42,5,38,0.7305653393111731,1.3668640216325492,-0.3004736732652315,0.7452986375829149,0.522016157205542,0.0430374734979464
E4,D,validation,tcn_gru,tcn_gru,60,S2,42,7,38,1.1064278323085683,1.949712977274954,-0.5031201809644701,0.6279872658224666,0.3916133872088732,-0.0409571088815445
E4,D,validation,tcn_gru,tcn_gru,60,S2,42,14,38,0.9168592911017563,1.3650050058625474,-0.0514269932320246,0.7006429262586613,0.5365436169023323,-0.1333979525656066
E4,A,validation,persistence,tcn_gru,60,S3,42,1,286,0.2124825174825175,0.2896688487877872,-0.0056993006993007,0.984638332245271,0.9919254811489544,0.0
E4,A,validation,persistence,tcn_gru,60,S3,42,3,286,0.5437062937062938,0.7305955995418602,-0.0162937062937062,0.9013620988069022,0.9504747375016004,0.0
E4,A,validation,persistence,tcn_gru,60,S3,42,5,286,0.7651048951048952,1.009260616989979,-0.027062937062937,0.8097953313113505,0.905250930028134,0.0
E4,A,validation,persistence,tcn_gru,60,S3,42,7,286,0.9112237762237764,1.1668409626713625,-0.0383566433566433,0.7427657800511018,0.87246174168187,0.0
E4,A,validation,persistence,tcn_gru,60,S3,42,14,286,1.041258741258741,1.407014892988311,-0.0859440559440559,0.6044994670145496,0.8063844268516253,0.0
E4,A,validation,tcn_gru,tcn_gru,60,S3,42,1,286,0.2357018002555085,0.3099358605987756,0.0728044795364762,0.98241353961642,0.9628278958187192,-0.1092762032758836
E4,A,validation,tcn_gru,tcn_gru,60,S3,42,3,286,0.3065726225067685,0.3993793377668221,0.0427126629827735,0.9705245188123264,0.9616561117241772,0.4361429579618276
E4,A,validation,tcn_gru,tcn_gru,60,S3,42,5,286,0.5496743699845734,0.6916575723604723,-0.0761724237170256,0.9106701116075872,0.9209620814091184,0.2815699213253452
E4,A,validation,tcn_gru,tcn_gru,60,S3,42,7,286,0.7902594326301053,0.9872210135764736,0.0016164509108012,0.8158659139038945,0.8827018653075702,0.1327493276074973
E4,A,validation,tcn_gru,tcn_gru,60,S3,42,14,286,0.9571508076265977,1.225844461794254,-0.0410642213046137,0.6997932707123191,0.8031465029745742,0.080775248552025
E4,B,validation,persistence,tcn_gru,60,S3,42,1,62,0.2145161290322579,0.3655530498546886,-0.032258064516129,0.9309945027872958,0.9566694431455778,0.0
E4,B,validation,persistence,tcn_gru,60,S3,42,3,62,0.5146774193548387,0.7111655585114504,-0.1204838709677419,0.7705239603978722,0.8478328815108065,0.0
E4,B,validation,persistence,tcn_gru,60,S3,42,5,62,0.6679032258064516,0.8785554492571057,-0.2137096774193548,0.6906662769398197,0.774411348917677,0.0
E4,B,validation,persistence,tcn_gru,60,S3,42,7,62,0.8017741935483871,1.052313120333395,-0.2701612903225806,0.5985952285682989,0.7055399863549991,0.0
E4,B,validation,persistence,tcn_gru,60,S3,42,14,62,1.214516129032258,1.5788021183898435,-0.626774193548387,0.3269259768834424,0.5049468732195747,0.0
E4,B,validation,tcn_gru,tcn_gru,60,S3,42,1,62,0.3552491022886769,0.4617699125080551,0.2727830756671965,0.8898881319070504,0.8710669842799944,-0.6560484467592465
E4,B,validation,tcn_gru,tcn_gru,60,S3,42,3,62,0.3358371096464894,0.5037613486513696,0.1504957916082872,0.8848548630964935,0.8803584854012935,0.3474803886530132
E4,B,validation,tcn_gru,tcn_gru,60,S3,42,5,62,0.542371356237319,0.6724435195907303,0.1808658432768235,0.818782330809106,0.8489705152445034,0.1879491889226326
E4,B,validation,tcn_gru,tcn_gru,60,S3,42,7,62,0.614558172225952,0.7761640763277954,0.059398872083233,0.7816266500820743,0.7908400381656789,0.2335021790784747
E4,B,validation,tcn_gru,tcn_gru,60,S3,42,14,62,0.9891037481638694,1.3215619311176292,-0.3518325279797279,0.5283905829996507,0.588709577922613,0.1855985074879164
E4,C,validation,persistence,tcn_gru,60,S3,42,1,277,0.2017328519855595,0.3289793866233942,0.0015884476534296,0.9553548841246552,0.977644622149306,0.0
E4,C,validation,persistence,tcn_gru,60,S3,42,3,277,0.4883032490974729,0.7602840054565587,0.0063537906137184,0.7632174971887316,0.8810335904786388,0.0
E4,C,validation,persistence,tcn_gru,60,S3,42,5,277,0.6615162454873647,1.0256705123966467,0.0128519855595667,0.573753852715045,0.7846299942664365,0.0
E4,C,validation,persistence,tcn_gru,60,S3,42,7,277,0.8051263537906137,1.1816325975817823,0.0224548736462093,0.4422828632477958,0.7160880484096872,0.0
E4,C,validation,persistence,tcn_gru,60,S3,42,14,277,1.0539350180505416,1.3963635081637618,0.0540794223826714,0.2545565946429161,0.6117319928666797,0.0
E4,C,validation,tcn_gru,tcn_gru,60,S3,42,1,277,0.1983921947548105,0.2754345361427357,0.0666480031684846,0.9687051142344046,0.964609315847649,0.0165598076756886
E4,C,validation,tcn_gru,tcn_gru,60,S3,42,3,277,0.3591925999360824,0.5506861127740127,0.0619764147295416,0.8757758173987104,0.9121463938285276,0.2644066968631167
E4,C,validation,tcn_gru,tcn_gru,60,S3,42,5,277,0.5690342051543914,0.861872139774353,0.0799125829586482,0.6990250082179512,0.8241243933859358,0.1398031279864308
E4,C,validation,tcn_gru,tcn_gru,60,S3,42,7,277,0.719489475570431,1.065868679644301,-0.0014628362483497,0.5462083880770239,0.7260755309230389,0.1063645200743906
E4,C,validation,tcn_gru,tcn_gru,60,S3,42,14,277,0.9294652462027132,1.253774273324086,-0.1124308625907245,0.3990250029312809,0.6200594501312462,0.1181000438509571
E4,D,validation,persistence,tcn_gru,60,S3,42,1,38,0.1092105263157894,0.1596295052531593,-0.0413157894736842,0.988528531674252,0.9335148117583818,0.0
E4,D,validation,persistence,tcn_gru,60,S3,42,3,38,0.3934210526315789,0.6895250081339365,-0.2313157894736842,0.8749430857522572,0.6938786191304969,0.0
E4,D,validation,persistence,tcn_gru,60,S3,42,5,38,0.763421052631579,1.4973160198027318,-0.5334210526315789,0.6943618334124293,0.4637963624621306,0.0
E4,D,validation,persistence,tcn_gru,60,S3,42,7,38,1.0628947368421056,2.0221139277602798,-0.7876315789473683,0.5998455208780628,0.3596621227770213,0.0
E4,D,validation,persistence,tcn_gru,60,S3,42,14,38,0.8089473684210525,1.4211300173860906,-0.4342105263157892,0.6755194553023375,0.5107948872403254,0.0
E4,D,validation,tcn_gru,tcn_gru,60,S3,42,1,38,0.1641163849987481,0.1901400393680149,0.1321086576894707,0.983724294082808,0.9279541109661604,-0.5027524409523922
E4,D,validation,tcn_gru,tcn_gru,60,S3,42,3,38,0.4327412701280493,0.6115531825824037,0.0588925816510851,0.901626952532496,0.7150024460566087,-0.0999443655428677
E4,D,validation,tcn_gru,tcn_gru,60,S3,42,5,38,0.7032982596598172,1.3176612699246886,-0.2713000148221068,0.7633054788095783,0.5369507261121811,0.0787544340891743
E4,D,validation,tcn_gru,tcn_gru,60,S3,42,7,38,1.090709383048509,1.865886907491124,-0.4079012144239328,0.6592882773948963,0.4212019928012105,-0.0261687684041429
E4,D,validation,tcn_gru,tcn_gru,60,S3,42,14,38,0.8604266990485943,1.34665535376309,-0.0974776040252888,0.7086372947711508,0.545371540947404,-0.0636374288824523
E4,A,validation,persistence,tcn_gru,60,S4,42,1,286,0.2124825174825175,0.2896688487877872,-0.0056993006993007,0.984638332245271,0.9919254811489544,0.0
E4,A,validation,persistence,tcn_gru,60,S4,42,3,286,0.5437062937062938,0.7305955995418602,-0.0162937062937062,0.9013620988069022,0.9504747375016004,0.0
E4,A,validation,persistence,tcn_gru,60,S4,42,5,286,0.7651048951048952,1.009260616989979,-0.027062937062937,0.8097953313113505,0.905250930028134,0.0
E4,A,validation,persistence,tcn_gru,60,S4,42,7,286,0.9112237762237764,1.1668409626713625,-0.0383566433566433,0.7427657800511018,0.87246174168187,0.0
E4,A,validation,persistence,tcn_gru,60,S4,42,14,286,1.041258741258741,1.407014892988311,-0.0859440559440559,0.6044994670145496,0.8063844268516253,0.0
E4,A,validation,tcn_gru,tcn_gru,60,S4,42,1,286,0.2294947285001927,0.2930071302587284,0.0565743037120441,0.9842822216890932,0.9833974147475688,-0.0800640505357102
E4,A,validation,tcn_gru,tcn_gru,60,S4,42,3,286,0.3281041326597854,0.4223632354372419,0.0353241182165541,0.9670343278810112,0.9661576233342156,0.3965415952366649
E4,A,validation,tcn_gru,tcn_gru,60,S4,42,5,286,0.4462596681734898,0.6019635149057602,-0.0466143107747702,0.9323364377459108,0.9618413148160564,0.4167340046722508
E4,A,validation,tcn_gru,tcn_gru,60,S4,42,7,286,0.6718853911986717,0.8662651279806519,-0.0557893229447882,0.8582225788318752,0.9251074727771528,0.2626559921613901
E4,A,validation,tcn_gru,tcn_gru,60,S4,42,14,286,0.936644943994242,1.1854947316206388,-0.1962461358017024,0.719231138522646,0.8573539561719217,0.1004685897167453
E4,B,validation,persistence,tcn_gru,60,S4,42,1,62,0.2145161290322579,0.3655530498546886,-0.032258064516129,0.9309945027872958,0.9566694431455778,0.0
E4,B,validation,persistence,tcn_gru,60,S4,42,3,62,0.5146774193548387,0.7111655585114504,-0.1204838709677419,0.7705239603978722,0.8478328815108065,0.0
E4,B,validation,persistence,tcn_gru,60,S4,42,5,62,0.6679032258064516,0.8785554492571057,-0.2137096774193548,0.6906662769398197,0.774411348917677,0.0
E4,B,validation,persistence,tcn_gru,60,S4,42,7,62,0.8017741935483871,1.052313120333395,-0.2701612903225806,0.5985952285682989,0.7055399863549991,0.0
E4,B,validation,persistence,tcn_gru,60,S4,42,14,62,1.214516129032258,1.5788021183898435,-0.626774193548387,0.3269259768834424,0.5049468732195747,0.0
E4,B,validation,tcn_gru,tcn_gru,60,S4,42,1,62,0.2874020587436612,0.3723119620884569,0.2003176629351029,0.9284191508240206,0.8753630117927377,-0.3397689956471432
E4,B,validation,tcn_gru,tcn_gru,60,S4,42,3,62,0.3349535346704144,0.5429063598808165,0.0344503655260607,0.8662647872284696,0.90951561564874,0.3491971435422847
E4,B,validation,tcn_gru,tcn_gru,60,S4,42,5,62,0.458973079977497,0.6594838770848291,-0.1393815104615305,0.8257000429899548,0.8251517344649429,0.3128149973773286
E4,B,validation,tcn_gru,tcn_gru,60,S4,42,7,62,0.5401846767817775,0.7354078541972083,-0.1092774592099652,0.8039580165828384,0.8062717916968154,0.3262633280935384
E4,B,validation,tcn_gru,tcn_gru,60,S4,42,14,62,0.904887789199429,1.2618324567182178,-0.391338357713915,0.5700570650047552,0.672191761791991,0.2549396689194608
E4,C,validation,persistence,tcn_gru,60,S4,42,1,277,0.2017328519855595,0.3289793866233942,0.0015884476534296,0.9553548841246552,0.977644622149306,0.0
E4,C,validation,persistence,tcn_gru,60,S4,42,3,277,0.4883032490974729,0.7602840054565587,0.0063537906137184,0.7632174971887316,0.8810335904786388,0.0
E4,C,validation,persistence,tcn_gru,60,S4,42,5,277,0.6615162454873647,1.0256705123966467,0.0128519855595667,0.573753852715045,0.7846299942664365,0.0
E4,C,validation,persistence,tcn_gru,60,S4,42,7,277,0.8051263537906137,1.1816325975817823,0.0224548736462093,0.4422828632477958,0.7160880484096872,0.0
E4,C,validation,persistence,tcn_gru,60,S4,42,14,277,1.0539350180505416,1.3963635081637618,0.0540794223826714,0.2545565946429161,0.6117319928666797,0.0
E4,C,validation,tcn_gru,tcn_gru,60,S4,42,1,277,0.2390550280564096,0.3459895639508281,0.1540117817062761,0.9506186930210476,0.9185750659622332,-0.1850079236153452
E4,C,validation,tcn_gru,tcn_gru,60,S4,42,3,277,0.3426351917995012,0.5244270278046821,0.0065955147373115,0.8873404451275243,0.9405299897965544,0.2983147410286719
E4,C,validation,tcn_gru,tcn_gru,60,S4,42,5,277,0.4620870526947269,0.71476635721441,-0.1034950843614793,0.792998766956381,0.8918170436200006,0.3014728574741357
E4,C,validation,tcn_gru,tcn_gru,60,S4,42,7,277,0.6005102640734683,0.9236881849897256,0.0283278188399888,0.6591998010993814,0.8158972421515278,0.2541415875331776
E4,C,validation,tcn_gru,tcn_gru,60,S4,42,14,277,0.8781827307048686,1.2076385938105754,0.0012042929248257,0.4424399308029919,0.6073584698681875,0.1667581818002035
E4,D,validation,persistence,tcn_gru,60,S4,42,1,38,0.1092105263157894,0.1596295052531593,-0.0413157894736842,0.988528531674252,0.9335148117583818,0.0
E4,D,validation,persistence,tcn_gru,60,S4,42,3,38,0.3934210526315789,0.6895250081339365,-0.2313157894736842,0.8749430857522572,0.6938786191304969,0.0
E4,D,validation,persistence,tcn_gru,60,S4,42,5,38,0.763421052631579,1.4973160198027318,-0.5334210526315789,0.6943618334124293,0.4637963624621306,0.0
E4,D,validation,persistence,tcn_gru,60,S4,42,7,38,1.0628947368421056,2.0221139277602798,-0.7876315789473683,0.5998455208780628,0.3596621227770213,0.0
E4,D,validation,persistence,tcn_gru,60,S4,42,14,38,0.8089473684210525,1.4211300173860906,-0.4342105263157892,0.6755194553023375,0.5107948872403254,0.0
E4,D,validation,tcn_gru,tcn_gru,60,S4,42,1,38,0.1557838073529694,0.1833063636097092,0.0963821369723268,0.9848731758162774,0.94727443013209,-0.4264541396175516
E4,D,validation,tcn_gru,tcn_gru,60,S4,42,3,38,0.2782350108341165,0.4620806338523548,0.0016035497659129,0.943837918060618,0.8102329304851716,0.2927805744684663
E4,D,validation,tcn_gru,tcn_gru,60,S4,42,5,38,0.6399590590125637,1.2830655072181762,-0.2473938916858876,0.77557134668809,0.5504881339943595,0.1617220185288721
E4,D,validation,tcn_gru,tcn_gru,60,S4,42,7,38,0.8629200782273945,1.714083223390273,-0.5239302538570607,0.7124719294176436,0.4635922134164988,0.1881415456142366
E4,D,validation,tcn_gru,tcn_gru,60,S4,42,14,38,0.7665165651158282,1.1851571251951765,-0.0454667100467181,0.774330482440244,0.607506221178945,0.0524518713597438
E4,A,validation,persistence,tcn_gru,60,S4-CSA,42,1,286,0.2124825174825175,0.2896688487877872,-0.0056993006993007,0.984638332245271,0.9919254811489544,0.0
E4,A,validation,persistence,tcn_gru,60,S4-CSA,42,3,286,0.5437062937062938,0.7305955995418602,-0.0162937062937062,0.9013620988069022,0.9504747375016004,0.0
E4,A,validation,persistence,tcn_gru,60,S4-CSA,42,5,286,0.7651048951048952,1.009260616989979,-0.027062937062937,0.8097953313113505,0.905250930028134,0.0
E4,A,validation,persistence,tcn_gru,60,S4-CSA,42,7,286,0.9112237762237764,1.1668409626713625,-0.0383566433566433,0.7427657800511018,0.87246174168187,0.0
E4,A,validation,persistence,tcn_gru,60,S4-CSA,42,14,286,1.041258741258741,1.407014892988311,-0.0859440559440559,0.6044994670145496,0.8063844268516253,0.0
E4,A,validation,tcn_gru,tcn_gru,60,S4-CSA,42,1,286,0.2357018002555085,0.3099358605987756,0.0728044795364762,0.98241353961642,0.9628278958187192,-0.1092762032758836
E4,A,validation,tcn_gru,tcn_gru,60,S4-CSA,42,3,286,0.3065726225067685,0.3993793377668221,0.0427126629827735,0.9705245188123264,0.9616561117241772,0.4361429579618276
E4,A,validation,tcn_gru,tcn_gru,60,S4-CSA,42,5,286,0.5496743699845734,0.6916575723604723,-0.0761724237170256,0.9106701116075872,0.9209620814091184,0.2815699213253452
E4,A,validation,tcn_gru,tcn_gru,60,S4-CSA,42,7,286,0.7902594326301053,0.9872210135764736,0.0016164509108012,0.8158659139038945,0.8827018653075702,0.1327493276074973
E4,A,validation,tcn_gru,tcn_gru,60,S4-CSA,42,14,286,0.9571508076265977,1.225844461794254,-0.0410642213046137,0.6997932707123191,0.8031465029745742,0.080775248552025
E4,B,validation,persistence,tcn_gru,60,S4-CSA,42,1,62,0.2145161290322579,0.3655530498546886,-0.032258064516129,0.9309945027872958,0.9566694431455778,0.0
E4,B,validation,persistence,tcn_gru,60,S4-CSA,42,3,62,0.5146774193548387,0.7111655585114504,-0.1204838709677419,0.7705239603978722,0.8478328815108065,0.0
E4,B,validation,persistence,tcn_gru,60,S4-CSA,42,5,62,0.6679032258064516,0.8785554492571057,-0.2137096774193548,0.6906662769398197,0.774411348917677,0.0
E4,B,validation,persistence,tcn_gru,60,S4-CSA,42,7,62,0.8017741935483871,1.052313120333395,-0.2701612903225806,0.5985952285682989,0.7055399863549991,0.0
E4,B,validation,persistence,tcn_gru,60,S4-CSA,42,14,62,1.214516129032258,1.5788021183898435,-0.626774193548387,0.3269259768834424,0.5049468732195747,0.0
E4,B,validation,tcn_gru,tcn_gru,60,S4-CSA,42,1,62,0.3552491022886769,0.4617699125080551,0.2727830756671965,0.8898881319070504,0.8710669842799944,-0.6560484467592465
E4,B,validation,tcn_gru,tcn_gru,60,S4-CSA,42,3,62,0.3358371096464894,0.5037613486513696,0.1504957916082872,0.8848548630964935,0.8803584854012935,0.3474803886530132
E4,B,validation,tcn_gru,tcn_gru,60,S4-CSA,42,5,62,0.542371356237319,0.6724435195907303,0.1808658432768235,0.818782330809106,0.8489705152445034,0.1879491889226326
E4,B,validation,tcn_gru,tcn_gru,60,S4-CSA,42,7,62,0.614558172225952,0.7761640763277954,0.059398872083233,0.7816266500820743,0.7908400381656789,0.2335021790784747
E4,B,validation,tcn_gru,tcn_gru,60,S4-CSA,42,14,62,0.9891037481638694,1.3215619311176292,-0.3518325279797279,0.5283905829996507,0.588709577922613,0.1855985074879164
E4,C,validation,persistence,tcn_gru,60,S4-CSA,42,1,277,0.2017328519855595,0.3289793866233942,0.0015884476534296,0.9553548841246552,0.977644622149306,0.0
E4,C,validation,persistence,tcn_gru,60,S4-CSA,42,3,277,0.4883032490974729,0.7602840054565587,0.0063537906137184,0.7632174971887316,0.8810335904786388,0.0
E4,C,validation,persistence,tcn_gru,60,S4-CSA,42,5,277,0.6615162454873647,1.0256705123966467,0.0128519855595667,0.573753852715045,0.7846299942664365,0.0
E4,C,validation,persistence,tcn_gru,60,S4-CSA,42,7,277,0.8051263537906137,1.1816325975817823,0.0224548736462093,0.4422828632477958,0.7160880484096872,0.0
E4,C,validation,persistence,tcn_gru,60,S4-CSA,42,14,277,1.0539350180505416,1.3963635081637618,0.0540794223826714,0.2545565946429161,0.6117319928666797,0.0
E4,C,validation,tcn_gru,tcn_gru,60,S4-CSA,42,1,277,0.1983921947548105,0.2754345361427357,0.0666480031684846,0.9687051142344046,0.964609315847649,0.0165598076756886
E4,C,validation,tcn_gru,tcn_gru,60,S4-CSA,42,3,277,0.3591925999360824,0.5506861127740127,0.0619764147295416,0.8757758173987104,0.9121463938285276,0.2644066968631167
E4,C,validation,tcn_gru,tcn_gru,60,S4-CSA,42,5,277,0.5690342051543914,0.861872139774353,0.0799125829586482,0.6990250082179512,0.8241243933859358,0.1398031279864308
E4,C,validation,tcn_gru,tcn_gru,60,S4-CSA,42,7,277,0.719489475570431,1.065868679644301,-0.0014628362483497,0.5462083880770239,0.7260755309230389,0.1063645200743906
E4,C,validation,tcn_gru,tcn_gru,60,S4-CSA,42,14,277,0.9294652462027132,1.253774273324086,-0.1124308625907245,0.3990250029312809,0.6200594501312462,0.1181000438509571
E4,D,validation,persistence,tcn_gru,60,S4-CSA,42,1,38,0.1092105263157894,0.1596295052531593,-0.0413157894736842,0.988528531674252,0.9335148117583818,0.0
E4,D,validation,persistence,tcn_gru,60,S4-CSA,42,3,38,0.3934210526315789,0.6895250081339365,-0.2313157894736842,0.8749430857522572,0.6938786191304969,0.0
E4,D,validation,persistence,tcn_gru,60,S4-CSA,42,5,38,0.763421052631579,1.4973160198027318,-0.5334210526315789,0.6943618334124293,0.4637963624621306,0.0
E4,D,validation,persistence,tcn_gru,60,S4-CSA,42,7,38,1.0628947368421056,2.0221139277602798,-0.7876315789473683,0.5998455208780628,0.3596621227770213,0.0
E4,D,validation,persistence,tcn_gru,60,S4-CSA,42,14,38,0.8089473684210525,1.4211300173860906,-0.4342105263157892,0.6755194553023375,0.5107948872403254,0.0
E4,D,validation,tcn_gru,tcn_gru,60,S4-CSA,42,1,38,0.1641163849987481,0.1901400393680149,0.1321086576894707,0.983724294082808,0.9279541109661604,-0.5027524409523922
E4,D,validation,tcn_gru,tcn_gru,60,S4-CSA,42,3,38,0.4327412701280493,0.6115531825824037,0.0588925816510851,0.901626952532496,0.7150024460566087,-0.0999443655428677
E4,D,validation,tcn_gru,tcn_gru,60,S4-CSA,42,5,38,0.7032982596598172,1.3176612699246886,-0.2713000148221068,0.7633054788095783,0.5369507261121811,0.0787544340891743
E4,D,validation,tcn_gru,tcn_gru,60,S4-CSA,42,7,38,1.090709383048509,1.865886907491124,-0.4079012144239328,0.6592882773948963,0.4212019928012105,-0.0261687684041429
E4,D,validation,tcn_gru,tcn_gru,60,S4-CSA,42,14,38,0.8604266990485943,1.34665535376309,-0.0974776040252888,0.7086372947711508,0.545371540947404,-0.0636374288824523
E4,A,validation,persistence,tcn_gru,60,S4-LUA,42,1,286,0.2124825174825175,0.2896688487877872,-0.0056993006993007,0.984638332245271,0.9919254811489544,0.0
E4,A,validation,persistence,tcn_gru,60,S4-LUA,42,3,286,0.5437062937062938,0.7305955995418602,-0.0162937062937062,0.9013620988069022,0.9504747375016004,0.0
E4,A,validation,persistence,tcn_gru,60,S4-LUA,42,5,286,0.7651048951048952,1.009260616989979,-0.027062937062937,0.8097953313113505,0.905250930028134,0.0
E4,A,validation,persistence,tcn_gru,60,S4-LUA,42,7,286,0.9112237762237764,1.1668409626713625,-0.0383566433566433,0.7427657800511018,0.87246174168187,0.0
E4,A,validation,persistence,tcn_gru,60,S4-LUA,42,14,286,1.041258741258741,1.407014892988311,-0.0859440559440559,0.6044994670145496,0.8063844268516253,0.0
E4,A,validation,tcn_gru,tcn_gru,60,S4-LUA,42,1,286,0.2773707615537241,0.3600458470653064,0.1029039173234588,0.9762671227483152,0.9772913430767796,-0.305381566634278
E4,A,validation,tcn_gru,tcn_gru,60,S4-LUA,42,3,286,0.3707803195506541,0.4745814628466656,0.0884186163982307,0.958379119843907,0.9688359488927653,0.3180503447492793
E4,A,validation,tcn_gru,tcn_gru,60,S4-LUA,42,5,286,0.4623473046542881,0.6254049766812383,0.0449230677514638,0.9269639655123856,0.9532336505444732,0.3957072976367499
E4,A,validation,tcn_gru,tcn_gru,60,S4-LUA,42,7,286,0.6537194126094137,0.88021849439112,0.0371488400897775,0.853618434549837,0.9159070998135312,0.2825917961463785
E4,A,validation,tcn_gru,tcn_gru,60,S4-LUA,42,14,286,0.9287602991282524,1.2258259697114358,-0.0788778130783071,0.6998023279883461,0.8244394003315866,0.1080408141347204
E4,B,validation,persistence,tcn_gru,60,S4-LUA,42,1,62,0.2145161290322579,0.3655530498546886,-0.032258064516129,0.9309945027872958,0.9566694431455778,0.0
E4,B,validation,persistence,tcn_gru,60,S4-LUA,42,3,62,0.5146774193548387,0.7111655585114504,-0.1204838709677419,0.7705239603978722,0.8478328815108065,0.0
E4,B,validation,persistence,tcn_gru,60,S4-LUA,42,5,62,0.6679032258064516,0.8785554492571057,-0.2137096774193548,0.6906662769398197,0.774411348917677,0.0
E4,B,validation,persistence,tcn_gru,60,S4-LUA,42,7,62,0.8017741935483871,1.052313120333395,-0.2701612903225806,0.5985952285682989,0.7055399863549991,0.0
E4,B,validation,persistence,tcn_gru,60,S4-LUA,42,14,62,1.214516129032258,1.5788021183898435,-0.626774193548387,0.3269259768834424,0.5049468732195747,0.0
E4,B,validation,tcn_gru,tcn_gru,60,S4-LUA,42,1,62,0.3325976260246769,0.4159071060379636,0.106659667645731,0.910674481151533,0.8352172800864242,-0.5504550987616526
E4,B,validation,tcn_gru,tcn_gru,60,S4-LUA,42,3,62,0.4426900542359197,0.6478699325586971,0.0606320753597442,0.8095541276283644,0.7897455373815145,0.1398689012025376
E4,B,validation,tcn_gru,tcn_gru,60,S4-LUA,42,5,62,0.4856489787755472,0.6801654178549505,-0.0386984941844019,0.8145964655618809,0.7783802528671624,0.2728752310049763
E4,B,validation,tcn_gru,tcn_gru,60,S4-LUA,42,7,62,0.6273621838131258,0.8008087248423449,0.023314581282677,0.7675389728910714,0.7321883616873146,0.2175325810417662
E4,B,validation,tcn_gru,tcn_gru,60,S4-LUA,42,14,62,1.0516440980665147,1.220105938896481,0.0369927417078323,0.5980217910791459,0.6131804008668329,0.1341044610873318
E4,C,validation,persistence,tcn_gru,60,S4-LUA,42,1,277,0.2017328519855595,0.3289793866233942,0.0015884476534296,0.9553548841246552,0.977644622149306,0.0
E4,C,validation,persistence,tcn_gru,60,S4-LUA,42,3,277,0.4883032490974729,0.7602840054565587,0.0063537906137184,0.7632174971887316,0.8810335904786388,0.0
E4,C,validation,persistence,tcn_gru,60,S4-LUA,42,5,277,0.6615162454873647,1.0256705123966467,0.0128519855595667,0.573753852715045,0.7846299942664365,0.0
E4,C,validation,persistence,tcn_gru,60,S4-LUA,42,7,277,0.8051263537906137,1.1816325975817823,0.0224548736462093,0.4422828632477958,0.7160880484096872,0.0
E4,C,validation,persistence,tcn_gru,60,S4-LUA,42,14,277,1.0539350180505416,1.3963635081637618,0.0540794223826714,0.2545565946429161,0.6117319928666797,0.0
E4,C,validation,tcn_gru,tcn_gru,60,S4-LUA,42,1,277,0.2509669732681681,0.3568758410852119,-0.0757058393116033,0.9474623213606168,0.9520651203074066,-0.244056041433117
E4,C,validation,tcn_gru,tcn_gru,60,S4-LUA,42,3,277,0.358856503201736,0.510994564421811,-0.0909978943439168,0.8930377673347338,0.9238615172135308,0.2650949919645062
E4,C,validation,tcn_gru,tcn_gru,60,S4-LUA,42,5,277,0.4860285677247098,0.7132185016812351,-0.1613010536161142,0.7938943353402226,0.8928021552564532,0.265280979809296
E4,C,validation,tcn_gru,tcn_gru,60,S4-LUA,42,7,277,0.6223373476004341,0.9718820603057474,-0.1547672076087567,0.6227092186733789,0.8016938616399588,0.2270314532987164
E4,C,validation,tcn_gru,tcn_gru,60,S4-LUA,42,14,277,0.9549791093143744,1.2726510698503082,0.1488935371060662,0.3807922410771758,0.6526233498113926,0.0938918501059064
E4,D,validation,persistence,tcn_gru,60,S4-LUA,42,1,38,0.1092105263157894,0.1596295052531593,-0.0413157894736842,0.988528531674252,0.9335148117583818,0.0
E4,D,validation,persistence,tcn_gru,60,S4-LUA,42,3,38,0.3934210526315789,0.6895250081339365,-0.2313157894736842,0.8749430857522572,0.6938786191304969,0.0
E4,D,validation,persistence,tcn_gru,60,S4-LUA,42,5,38,0.763421052631579,1.4973160198027318,-0.5334210526315789,0.6943618334124293,0.4637963624621306,0.0
E4,D,validation,persistence,tcn_gru,60,S4-LUA,42,7,38,1.0628947368421056,2.0221139277602798,-0.7876315789473683,0.5998455208780628,0.3596621227770213,0.0
E4,D,validation,persistence,tcn_gru,60,S4-LUA,42,14,38,0.8089473684210525,1.4211300173860906,-0.4342105263157892,0.6755194553023375,0.5107948872403254,0.0
E4,D,validation,tcn_gru,tcn_gru,60,S4-LUA,42,1,38,0.1757202664645093,0.2055366261407907,0.0830188762671067,0.9809817250488908,0.9462687236461412,-0.6090048495545437
E4,D,validation,tcn_gru,tcn_gru,60,S4-LUA,42,3,38,0.2877445191615506,0.5490239566214378,-0.1772581566791786,0.9207151416235764,0.7747088878536459,0.2686092489539181
E4,D,validation,tcn_gru,tcn_gru,60,S4-LUA,42,5,38,0.5532156610175184,1.3201115609191358,-0.5141405365969006,0.7624243575131349,0.5361201859032618,0.2753466005285867
E4,D,validation,tcn_gru,tcn_gru,60,S4-LUA,42,7,38,0.8303276557357687,1.6915167758900929,-0.6619321266287254,0.7199928893450045,0.4654980986641631,0.2188053746481999
E4,D,validation,tcn_gru,tcn_gru,60,S4-LUA,42,14,38,0.7737610129149336,1.148864821616612,-0.0201522130244658,0.7879399303345425,0.6259857128122712,0.0434964706972192
E4,A,validation,persistence,tcn_gru,60,S4-CKH,42,1,286,0.2124825174825175,0.2896688487877872,-0.0056993006993007,0.984638332245271,0.9919254811489544,0.0
E4,A,validation,persistence,tcn_gru,60,S4-CKH,42,3,286,0.5437062937062938,0.7305955995418602,-0.0162937062937062,0.9013620988069022,0.9504747375016004,0.0
E4,A,validation,persistence,tcn_gru,60,S4-CKH,42,5,286,0.7651048951048952,1.009260616989979,-0.027062937062937,0.8097953313113505,0.905250930028134,0.0
E4,A,validation,persistence,tcn_gru,60,S4-CKH,42,7,286,0.9112237762237764,1.1668409626713625,-0.0383566433566433,0.7427657800511018,0.87246174168187,0.0
E4,A,validation,persistence,tcn_gru,60,S4-CKH,42,14,286,1.041258741258741,1.407014892988311,-0.0859440559440559,0.6044994670145496,0.8063844268516253,0.0
E4,A,validation,tcn_gru,tcn_gru,60,S4-CKH,42,1,286,0.273295363938058,0.3593031277441681,0.0626340192264606,0.9763649363232502,0.978602210666018,-0.2862016469686455
E4,A,validation,tcn_gru,tcn_gru,60,S4-CKH,42,3,286,0.3561853436406674,0.4487270433705928,0.098635793707587,0.9627904681133368,0.9666099891581522,0.3448938374197371
E4,A,validation,tcn_gru,tcn_gru,60,S4-CKH,42,5,286,0.4690083164685255,0.6048288272468574,0.0370741026134753,0.9316907552169384,0.9497198041912156,0.3870012863997885
E4,A,validation,tcn_gru,tcn_gru,60,S4-CKH,42,7,286,0.68347785418267,0.8861685218744022,0.029826880289124,0.8516327500570783,0.9177121663532232,0.2499341303240718
E4,A,validation,tcn_gru,tcn_gru,60,S4-CKH,42,14,286,0.9343066316676306,1.2104520414940407,-0.0643846836915387,0.7072850804549609,0.8360606044491937,0.1027142489693001
E4,B,validation,persistence,tcn_gru,60,S4-CKH,42,1,62,0.2145161290322579,0.3655530498546886,-0.032258064516129,0.9309945027872958,0.9566694431455778,0.0
E4,B,validation,persistence,tcn_gru,60,S4-CKH,42,3,62,0.5146774193548387,0.7111655585114504,-0.1204838709677419,0.7705239603978722,0.8478328815108065,0.0
E4,B,validation,persistence,tcn_gru,60,S4-CKH,42,5,62,0.6679032258064516,0.8785554492571057,-0.2137096774193548,0.6906662769398197,0.774411348917677,0.0
E4,B,validation,persistence,tcn_gru,60,S4-CKH,42,7,62,0.8017741935483871,1.052313120333395,-0.2701612903225806,0.5985952285682989,0.7055399863549991,0.0
E4,B,validation,persistence,tcn_gru,60,S4-CKH,42,14,62,1.214516129032258,1.5788021183898435,-0.626774193548387,0.3269259768834424,0.5049468732195747,0.0
E4,B,validation,tcn_gru,tcn_gru,60,S4-CKH,42,1,62,0.4103986874318891,0.5348696754392225,0.2986421946940881,0.852266557279924,0.7999665367387878,-0.913136738404296
E4,B,validation,tcn_gru,tcn_gru,60,S4-CKH,42,3,62,0.472622611311174,0.6466203460247256,0.2418910160564605,0.8102880684508923,0.7528535996711805,0.0817110027799188
E4,B,validation,tcn_gru,tcn_gru,60,S4-CKH,42,5,62,0.4576580274874163,0.6332503042335106,0.1050810079036218,0.8392911737264948,0.7908023168458393,0.3147839240710018
E4,B,validation,tcn_gru,tcn_gru,60,S4-CKH,42,7,62,0.5970197380742718,0.744179166369541,0.1065831199384503,0.7992536880804189,0.7650750909909714,0.2553767097041872
E4,B,validation,tcn_gru,tcn_gru,60,S4-CKH,42,14,62,0.9962929272651672,1.2260296566721327,-0.043542280658599,0.5941090391406264,0.6194729663076205,0.1796791302730364
E4,C,validation,persistence,tcn_gru,60,S4-CKH,42,1,277,0.2017328519855595,0.3289793866233942,0.0015884476534296,0.9553548841246552,0.977644622149306,0.0
E4,C,validation,persistence,tcn_gru,60,S4-CKH,42,3,277,0.4883032490974729,0.7602840054565587,0.0063537906137184,0.7632174971887316,0.8810335904786388,0.0
E4,C,validation,persistence,tcn_gru,60,S4-CKH,42,5,277,0.6615162454873647,1.0256705123966467,0.0128519855595667,0.573753852715045,0.7846299942664365,0.0
E4,C,validation,persistence,tcn_gru,60,S4-CKH,42,7,277,0.8051263537906137,1.1816325975817823,0.0224548736462093,0.4422828632477958,0.7160880484096872,0.0
E4,C,validation,persistence,tcn_gru,60,S4-CKH,42,14,277,1.0539350180505416,1.3963635081637618,0.0540794223826714,0.2545565946429161,0.6117319928666797,0.0
E4,C,validation,tcn_gru,tcn_gru,60,S4-CKH,42,1,277,0.3058789480205907,0.4022175778559109,0.1821246781245894,0.933264230240846,0.9129667634129992,-0.5162574910827422
E4,C,validation,tcn_gru,tcn_gru,60,S4-CKH,42,3,277,0.3688538333870443,0.5298020900097862,0.0231084177253046,0.8850192246106775,0.9019021991250236,0.244621382166115
E4,C,validation,tcn_gru,tcn_gru,60,S4-CKH,42,5,277,0.4499870679826082,0.6638427927583254,0.024972707231122,0.8214436844479485,0.881646664143802,0.319764146304396
E4,C,validation,tcn_gru,tcn_gru,60,S4-CKH,42,7,277,0.5991134158928041,0.9132130597005113,-0.043747405648662,0.6668856899037867,0.802194578695378,0.2558765303456787
E4,C,validation,tcn_gru,tcn_gru,60,S4-CKH,42,14,277,0.8807537781202405,1.1970556332864428,-0.0503432459004951,0.452169301096454,0.6273578888159108,0.1643187074765136
E4,D,validation,persistence,tcn_gru,60,S4-CKH,42,1,38,0.1092105263157894,0.1596295052531593,-0.0413157894736842,0.988528531674252,0.9335148117583818,0.0
E4,D,validation,persistence,tcn_gru,60,S4-CKH,42,3,38,0.3934210526315789,0.6895250081339365,-0.2313157894736842,0.8749430857522572,0.6938786191304969,0.0
E4,D,validation,persistence,tcn_gru,60,S4-CKH,42,5,38,0.763421052631579,1.4973160198027318,-0.5334210526315789,0.6943618334124293,0.4637963624621306,0.0
E4,D,validation,persistence,tcn_gru,60,S4-CKH,42,7,38,1.0628947368421056,2.0221139277602798,-0.7876315789473683,0.5998455208780628,0.3596621227770213,0.0
E4,D,validation,persistence,tcn_gru,60,S4-CKH,42,14,38,0.8089473684210525,1.4211300173860906,-0.4342105263157892,0.6755194553023375,0.5107948872403254,0.0
E4,D,validation,tcn_gru,tcn_gru,60,S4-CKH,42,1,38,0.3025558865697759,0.3433170721670628,0.2431395256519315,0.9469380170872264,0.8632029360679098,-1.77039125051843
E4,D,validation,tcn_gru,tcn_gru,60,S4-CKH,42,3,38,0.3703352544495933,0.535756770698376,0.0070241249548759,0.9245006868595802,0.7693401803535092,0.0586796207970203
E4,D,validation,tcn_gru,tcn_gru,60,S4-CKH,42,5,38,0.5761515270095121,1.2849014197716218,-0.3913607058085896,0.7749286263229251,0.5475518974446913,0.2453030669989155
E4,D,validation,tcn_gru,tcn_gru,60,S4-CKH,42,7,38,0.9021755311677332,1.7291319782647427,-0.4628101071872211,0.7074010745980737,0.460460959689083,0.1512089580496695
E4,D,validation,tcn_gru,tcn_gru,60,S4-CKH,42,14,38,0.8176633795625284,1.2471582409080626,0.0055000023151696,0.7501012071178755,0.5759626793269175,-0.0107745095437894
E4,A,validation,persistence,tcn_gru,60,S4-VIE,42,1,286,0.2124825174825175,0.2896688487877872,-0.0056993006993007,0.984638332245271,0.9919254811489544,0.0
E4,A,validation,persistence,tcn_gru,60,S4-VIE,42,3,286,0.5437062937062938,0.7305955995418602,-0.0162937062937062,0.9013620988069022,0.9504747375016004,0.0
E4,A,validation,persistence,tcn_gru,60,S4-VIE,42,5,286,0.7651048951048952,1.009260616989979,-0.027062937062937,0.8097953313113505,0.905250930028134,0.0
E4,A,validation,persistence,tcn_gru,60,S4-VIE,42,7,286,0.9112237762237764,1.1668409626713625,-0.0383566433566433,0.7427657800511018,0.87246174168187,0.0
E4,A,validation,persistence,tcn_gru,60,S4-VIE,42,14,286,1.041258741258741,1.407014892988311,-0.0859440559440559,0.6044994670145496,0.8063844268516253,0.0
E4,A,validation,tcn_gru,tcn_gru,60,S4-VIE,42,1,286,0.2656509928686634,0.347694379246218,0.0635379136108847,0.977867517921796,0.974558660659786,-0.2502251762454786
E4,A,validation,tcn_gru,tcn_gru,60,S4-VIE,42,3,286,0.3262318297282798,0.4249928124648671,0.0276158949711935,0.9666225703518148,0.9649850858063757,0.3999851877666365
E4,A,validation,tcn_gru,tcn_gru,60,S4-VIE,42,5,286,0.4352157979369996,0.5889500785894041,-0.0466094165206793,0.9352303593565232,0.9491178821693012,0.4311684571338
E4,A,validation,tcn_gru,tcn_gru,60,S4-VIE,42,7,286,0.6544615069761143,0.8684310535248126,-0.080803168532732,0.8575127194045455,0.9091373875609148,0.2817774030345394
E4,A,validation,tcn_gru,tcn_gru,60,S4-VIE,42,14,286,0.9145240993433066,1.2093205787500758,-0.1417478737297595,0.7078320517069825,0.8251759297788257,0.1217129200396718
E4,B,validation,persistence,tcn_gru,60,S4-VIE,42,1,62,0.2145161290322579,0.3655530498546886,-0.032258064516129,0.9309945027872958,0.9566694431455778,0.0
E4,B,validation,persistence,tcn_gru,60,S4-VIE,42,3,62,0.5146774193548387,0.7111655585114504,-0.1204838709677419,0.7705239603978722,0.8478328815108065,0.0
E4,B,validation,persistence,tcn_gru,60,S4-VIE,42,5,62,0.6679032258064516,0.8785554492571057,-0.2137096774193548,0.6906662769398197,0.774411348917677,0.0
E4,B,validation,persistence,tcn_gru,60,S4-VIE,42,7,62,0.8017741935483871,1.052313120333395,-0.2701612903225806,0.5985952285682989,0.7055399863549991,0.0
E4,B,validation,persistence,tcn_gru,60,S4-VIE,42,14,62,1.214516129032258,1.5788021183898435,-0.626774193548387,0.3269259768834424,0.5049468732195747,0.0
E4,B,validation,tcn_gru,tcn_gru,60,S4-VIE,42,1,62,0.3406283929271082,0.4455638658595454,0.2203529200630801,0.8974813702146607,0.8111075060763477,-0.5878917565023096
E4,B,validation,tcn_gru,tcn_gru,60,S4-VIE,42,3,62,0.3787907750952627,0.5628688387121555,0.1048422859368784,0.8562491813111527,0.7816272636004201,0.2640229377653936
E4,B,validation,tcn_gru,tcn_gru,60,S4-VIE,42,5,62,0.4132200599293555,0.6118473305002666,-0.1915574174350309,0.8499710554158337,0.845450348276116,0.3813174664182553
E4,B,validation,tcn_gru,tcn_gru,60,S4-VIE,42,7,62,0.5548846251541566,0.7228335282382344,-0.046877468843614,0.8106047260046112,0.7752030344234249,0.3079290533180907
E4,B,validation,tcn_gru,tcn_gru,60,S4-VIE,42,14,62,0.9682625466777433,1.2911141682168878,-0.4311102263389096,0.549871281036973,0.6027044753458958,0.2027585937049127
E4,C,validation,persistence,tcn_gru,60,S4-VIE,42,1,277,0.2017328519855595,0.3289793866233942,0.0015884476534296,0.9553548841246552,0.977644622149306,0.0
E4,C,validation,persistence,tcn_gru,60,S4-VIE,42,3,277,0.4883032490974729,0.7602840054565587,0.0063537906137184,0.7632174971887316,0.8810335904786388,0.0
E4,C,validation,persistence,tcn_gru,60,S4-VIE,42,5,277,0.6615162454873647,1.0256705123966467,0.0128519855595667,0.573753852715045,0.7846299942664365,0.0
E4,C,validation,persistence,tcn_gru,60,S4-VIE,42,7,277,0.8051263537906137,1.1816325975817823,0.0224548736462093,0.4422828632477958,0.7160880484096872,0.0
E4,C,validation,persistence,tcn_gru,60,S4-VIE,42,14,277,1.0539350180505416,1.3963635081637618,0.0540794223826714,0.2545565946429161,0.6117319928666797,0.0
E4,C,validation,tcn_gru,tcn_gru,60,S4-VIE,42,1,277,0.230379622524826,0.3167689873446567,0.0774619563305849,0.958607477463605,0.970883762374134,-0.1420034974834791
E4,C,validation,tcn_gru,tcn_gru,60,S4-VIE,42,3,277,0.3556498355727763,0.502082911388041,0.0971034439892543,0.8967360391486605,0.9276203959275424,0.2716619513998297
E4,C,validation,tcn_gru,tcn_gru,60,S4-VIE,42,5,277,0.4373808122283715,0.6568587853509793,0.0431346400291909,0.8251809513512245,0.9005033698864386,0.3388207542716716
E4,C,validation,tcn_gru,tcn_gru,60,S4-VIE,42,7,277,0.6003641671351146,0.916424040366414,-0.0158462802038297,0.6645390215802627,0.7976076403871254,0.2543230459311866
E4,C,validation,tcn_gru,tcn_gru,60,S4-VIE,42,14,277,0.9157021590819858,1.2544157021581712,-0.0988215665481583,0.398409930017376,0.5593197627277218,0.131158806379016
E4,D,validation,persistence,tcn_gru,60,S4-VIE,42,1,38,0.1092105263157894,0.1596295052531593,-0.0413157894736842,0.988528531674252,0.9335148117583818,0.0
E4,D,validation,persistence,tcn_gru,60,S4-VIE,42,3,38,0.3934210526315789,0.6895250081339365,-0.2313157894736842,0.8749430857522572,0.6938786191304969,0.0
E4,D,validation,persistence,tcn_gru,60,S4-VIE,42,5,38,0.763421052631579,1.4973160198027318,-0.5334210526315789,0.6943618334124293,0.4637963624621306,0.0
E4,D,validation,persistence,tcn_gru,60,S4-VIE,42,7,38,1.0628947368421056,2.0221139277602798,-0.7876315789473683,0.5998455208780628,0.3596621227770213,0.0
E4,D,validation,persistence,tcn_gru,60,S4-VIE,42,14,38,0.8089473684210525,1.4211300173860906,-0.4342105263157892,0.6755194553023375,0.5107948872403254,0.0
E4,D,validation,tcn_gru,tcn_gru,60,S4-VIE,42,1,38,0.3415650139670621,0.3865666572277711,0.3264268441262996,0.9327268972179192,0.8176951187140254,-2.127583260421292
E4,D,validation,tcn_gru,tcn_gru,60,S4-VIE,42,3,38,0.368868675357417,0.5126854998101936,0.096699103556181,0.93086312693428,0.7742066632459766,0.0624073803624183
E4,D,validation,tcn_gru,tcn_gru,60,S4-VIE,42,5,38,0.539855293898206,1.2523164111679588,-0.3427803035315716,0.78619946512435,0.5620671499837255,0.2928472537700164
E4,D,validation,tcn_gru,tcn_gru,60,S4-VIE,42,7,38,0.9333372805777348,1.807551534703097,-0.509486598137178,0.6802593761604394,0.4331257575142032,0.1218911447894549
E4,D,validation,tcn_gru,tcn_gru,60,S4-VIE,42,14,38,0.8379461282805392,1.2674012625480089,0.0145840113413959,0.7419229964587556,0.5657693378820141,-0.0358475235738611
