figure_id,panel,series,item,source_path,source_sha256,row_filter,field,transformation,source_value_unrounded,derived_value_unrounded,displayed_value,evidence_class,notes
fig1_frozen_workflow,workflow,lineage,E0_to_E1,reproducibility/frozen_e0_e5/manifests/e1_strategy_manifest.json,112dc7b71489536413ce3bdc0bda67ce1305692c9150a950e07b1606af211823,JSON phase=E1,e0_manifest_sha256,compare recorded predecessor hash with SHA-256 of available E0 manifest,52c401be51ee095268fe63d31b878ac1ff44c59771c94ce23ab5f1dde3b0482e,expected=52c401be51ee095268fe63d31b878ac1ff44c59771c94ce23ab5f1dde3b0482e;available=99eec91850433e15d66b769caca36862a12dacfed05a38031d137a96fe8f4835,historical E0 hash linkage unresolved,frozen provenance limitation,Rendered as dashed warning link; the chain is not labelled fully verified.
fig1_frozen_workflow,workflow,lineage,E1_to_E2,reproducibility/frozen_e0_e5/manifests/e2_architecture_manifest.json,d89e2a48e882b54373b67c2dafa2dc51e5c4dc613d513c4f62c24910df3d91c1,JSON phase=E2,e1_manifest_sha256,compare with SHA-256 of E1 manifest,112dc7b71489536413ce3bdc0bda67ce1305692c9150a950e07b1606af211823,True,verified,frozen provenance metadata,
fig1_frozen_workflow,workflow,lineage,E2_to_E3,reproducibility/frozen_e0_e5/manifests/e3_lookback_manifest.json,5bb9b8c742445861d297f55509699a486975a21bc8e0b37730eee5b49180881b,JSON phase=E3,e2_manifest_sha256,compare with SHA-256 of E2 manifest,d89e2a48e882b54373b67c2dafa2dc51e5c4dc613d513c4f62c24910df3d91c1,True,verified,frozen provenance metadata,
fig1_frozen_workflow,workflow,lineage,E3_to_E4,reproducibility/frozen_e0_e5/manifests/e4_stations_manifest.json,805a608622caacce6106c1d2b4f789fae29a23310cb815c2a26c36cc81826237,JSON phase=E4,e3_manifest_sha256,compare with SHA-256 of E3 manifest,5bb9b8c742445861d297f55509699a486975a21bc8e0b37730eee5b49180881b,True,verified,frozen provenance metadata,
fig1_frozen_workflow,workflow,lineage,E4_to_E5,reproducibility/frozen_e0_e5/manifests/e5_final_manifest.json,8446d791fdfccebdfcf0c7efd4e66a2a9c976b62f52adb8a58d6eeb803c7e1f4,JSON phase=E5,e4_manifest_sha256,compare with SHA-256 of E4 manifest,805a608622caacce6106c1d2b4f789fae29a23310cb815c2a26c36cc81826237,True,verified,frozen provenance metadata,
fig1_frozen_workflow,workflow,phase,E0,reproducibility/frozen_e0_e5/manifests/e0_data_manifest.json,99eec91850433e15d66b769caca36862a12dacfed05a38031d137a96fe8f4835,JSON phase=E0,status;policies.interpolate_before_split;policies.scaler_fit_scope,none; conceptual workflow label,"{""interpolate_before_split"":false,""scaler_fit_scope"":""train_only"",""status"":""PASS""}","{""interpolate_before_split"":false,""scaler_fit_scope"":""train_only"",""status"":""PASS""}",Data integrity | leakage-aware | gate,frozen protocol/evaluation metadata,
fig1_frozen_workflow,workflow,phase,E1,reproducibility/frozen_e0_e5/manifests/e1_strategy_manifest.json,112dc7b71489536413ce3bdc0bda67ce1305692c9150a950e07b1606af211823,JSON phase=E1,selected_strategy,none; conceptual workflow label,"{""selected_strategy"":""lstm_mimo""}","{""selected_strategy"":""lstm_mimo""}",Strategy | MIMO | retained,frozen protocol/evaluation metadata,
fig1_frozen_workflow,workflow,phase,E2,reproducibility/frozen_e0_e5/manifests/e2_architecture_manifest.json,d89e2a48e882b54373b67c2dafa2dc51e5c4dc613d513c4f62c24910df3d91c1,JSON phase=E2,selected_architecture;status;architecture_tuning_trials_completed,none; conceptual workflow label,"{""architecture_tuning_trials_completed"":0,""selected_architecture"":""lstm"",""status"":""COMPLETE_WITH_PROTOCOL_DEVIATION""}","{""architecture_tuning_trials_completed"":0,""selected_architecture"":""lstm"",""status"":""COMPLETE_WITH_PROTOCOL_DEVIATION""}",Architecture | LSTM selected | protocol deviation,frozen protocol/evaluation metadata,
fig1_frozen_workflow,workflow,phase,E3,reproducibility/frozen_e0_e5/manifests/e3_lookback_manifest.json,5bb9b8c742445861d297f55509699a486975a21bc8e0b37730eee5b49180881b,JSON phase=E3,selected_lookback_days,none; conceptual workflow label,"{""selected_lookback_days"":7}","{""selected_lookback_days"":7}",Look-back | 7 days | (one-SE),frozen protocol/evaluation metadata,
fig1_frozen_workflow,workflow,phase,E4,reproducibility/frozen_e0_e5/manifests/e4_stations_manifest.json,805a608622caacce6106c1d2b4f789fae29a23310cb815c2a26c36cc81826237,JSON phase=E4,evaluation_partition;development_seed,none; conceptual workflow label,"{""development_seed"":42,""evaluation_partition"":""validation_only""}","{""development_seed"":42,""evaluation_partition"":""validation_only""}",Station | ablation | validation-only,frozen protocol/evaluation metadata,
fig1_frozen_workflow,workflow,phase,E5,reproducibility/frozen_e0_e5/manifests/e5_final_manifest.json,8446d791fdfccebdfcf0c7efd4e66a2a9c976b62f52adb8a58d6eeb803c7e1f4,JSON phase=E5,evaluation_partition;selected_strategy;selected_architecture;selected_lookback_days,none; conceptual workflow label,"{""evaluation_partition"":""test_folds_and_2025_final_period"",""selected_architecture"":""lstm"",""selected_lookback_days"":7,""selected_strategy"":""mimo""}","{""evaluation_partition"":""test_folds_and_2025_final_period"",""selected_architecture"":""lstm"",""selected_lookback_days"":7,""selected_strategy"":""mimo""}",Frozen evaluation | 2025 final-period | test,frozen protocol/evaluation metadata,
fig2_horizon_mae_and_upstream_effect,A,S0,day_14_SD,reproducibility/frozen_e0_e5/summaries/e5_final_metric_summary.csv,9cd199680940e5b03ce58ac8d391b260d254de6ad8a0605dbbe163a179c17d48,station_set=S0;horizon_days=14,MAE_m_std,none,0.18976327033884693,0.18976327033884693,0.190,descriptive frozen E5 fold/seed summary,SD is across recorded fold/seed evaluation units; it is not a confidence interval.
fig2_horizon_mae_and_upstream_effect,A,S0,day_14_mean,reproducibility/frozen_e0_e5/summaries/e5_final_metric_summary.csv,9cd199680940e5b03ce58ac8d391b260d254de6ad8a0605dbbe163a179c17d48,station_set=S0;horizon_days=14,MAE_m_mean,none,0.9490845111626427,0.9490845111626427,0.949,descriptive frozen E5 fold/seed summary,SD is across recorded fold/seed evaluation units; it is not a confidence interval.
fig2_horizon_mae_and_upstream_effect,A,S0,day_1_SD,reproducibility/frozen_e0_e5/summaries/e5_final_metric_summary.csv,9cd199680940e5b03ce58ac8d391b260d254de6ad8a0605dbbe163a179c17d48,station_set=S0;horizon_days=1,MAE_m_std,none,0.06506194293149374,0.06506194293149374,0.065,descriptive frozen E5 fold/seed summary,SD is across recorded fold/seed evaluation units; it is not a confidence interval.
fig2_horizon_mae_and_upstream_effect,A,S0,day_1_mean,reproducibility/frozen_e0_e5/summaries/e5_final_metric_summary.csv,9cd199680940e5b03ce58ac8d391b260d254de6ad8a0605dbbe163a179c17d48,station_set=S0;horizon_days=1,MAE_m_mean,none,0.17738962768040653,0.17738962768040653,0.177,descriptive frozen E5 fold/seed summary,SD is across recorded fold/seed evaluation units; it is not a confidence interval.
fig2_horizon_mae_and_upstream_effect,A,S0,day_3_SD,reproducibility/frozen_e0_e5/summaries/e5_final_metric_summary.csv,9cd199680940e5b03ce58ac8d391b260d254de6ad8a0605dbbe163a179c17d48,station_set=S0;horizon_days=3,MAE_m_std,none,0.1467350681570371,0.1467350681570371,0.147,descriptive frozen E5 fold/seed summary,SD is across recorded fold/seed evaluation units; it is not a confidence interval.
fig2_horizon_mae_and_upstream_effect,A,S0,day_3_mean,reproducibility/frozen_e0_e5/summaries/e5_final_metric_summary.csv,9cd199680940e5b03ce58ac8d391b260d254de6ad8a0605dbbe163a179c17d48,station_set=S0;horizon_days=3,MAE_m_mean,none,0.40082381499823616,0.40082381499823616,0.401,descriptive frozen E5 fold/seed summary,SD is across recorded fold/seed evaluation units; it is not a confidence interval.
fig2_horizon_mae_and_upstream_effect,A,S0,day_5_SD,reproducibility/frozen_e0_e5/summaries/e5_final_metric_summary.csv,9cd199680940e5b03ce58ac8d391b260d254de6ad8a0605dbbe163a179c17d48,station_set=S0;horizon_days=5,MAE_m_std,none,0.21279058176778043,0.21279058176778043,0.213,descriptive frozen E5 fold/seed summary,SD is across recorded fold/seed evaluation units; it is not a confidence interval.
fig2_horizon_mae_and_upstream_effect,A,S0,day_5_mean,reproducibility/frozen_e0_e5/summaries/e5_final_metric_summary.csv,9cd199680940e5b03ce58ac8d391b260d254de6ad8a0605dbbe163a179c17d48,station_set=S0;horizon_days=5,MAE_m_mean,none,0.5709481929092589,0.5709481929092589,0.571,descriptive frozen E5 fold/seed summary,SD is across recorded fold/seed evaluation units; it is not a confidence interval.
fig2_horizon_mae_and_upstream_effect,A,S0,day_7_SD,reproducibility/frozen_e0_e5/summaries/e5_final_metric_summary.csv,9cd199680940e5b03ce58ac8d391b260d254de6ad8a0605dbbe163a179c17d48,station_set=S0;horizon_days=7,MAE_m_std,none,0.23426664449106788,0.23426664449106788,0.234,descriptive frozen E5 fold/seed summary,SD is across recorded fold/seed evaluation units; it is not a confidence interval.
fig2_horizon_mae_and_upstream_effect,A,S0,day_7_mean,reproducibility/frozen_e0_e5/summaries/e5_final_metric_summary.csv,9cd199680940e5b03ce58ac8d391b260d254de6ad8a0605dbbe163a179c17d48,station_set=S0;horizon_days=7,MAE_m_mean,none,0.6885407119889203,0.6885407119889203,0.689,descriptive frozen E5 fold/seed summary,SD is across recorded fold/seed evaluation units; it is not a confidence interval.
fig2_horizon_mae_and_upstream_effect,A,S4,day_14_SD,reproducibility/frozen_e0_e5/summaries/e5_final_metric_summary.csv,9cd199680940e5b03ce58ac8d391b260d254de6ad8a0605dbbe163a179c17d48,station_set=S4;horizon_days=14,MAE_m_std,none,0.24961292066838708,0.24961292066838708,0.250,descriptive frozen E5 fold/seed summary,SD is across recorded fold/seed evaluation units; it is not a confidence interval.
fig2_horizon_mae_and_upstream_effect,A,S4,day_14_mean,reproducibility/frozen_e0_e5/summaries/e5_final_metric_summary.csv,9cd199680940e5b03ce58ac8d391b260d254de6ad8a0605dbbe163a179c17d48,station_set=S4;horizon_days=14,MAE_m_mean,none,0.923183250182815,0.923183250182815,0.923,descriptive frozen E5 fold/seed summary,SD is across recorded fold/seed evaluation units; it is not a confidence interval.
fig2_horizon_mae_and_upstream_effect,A,S4,day_1_SD,reproducibility/frozen_e0_e5/summaries/e5_final_metric_summary.csv,9cd199680940e5b03ce58ac8d391b260d254de6ad8a0605dbbe163a179c17d48,station_set=S4;horizon_days=1,MAE_m_std,none,0.18860390625277088,0.18860390625277088,0.189,descriptive frozen E5 fold/seed summary,SD is across recorded fold/seed evaluation units; it is not a confidence interval.
fig2_horizon_mae_and_upstream_effect,A,S4,day_1_mean,reproducibility/frozen_e0_e5/summaries/e5_final_metric_summary.csv,9cd199680940e5b03ce58ac8d391b260d254de6ad8a0605dbbe163a179c17d48,station_set=S4;horizon_days=1,MAE_m_mean,none,0.3916608537596034,0.3916608537596034,0.392,descriptive frozen E5 fold/seed summary,SD is across recorded fold/seed evaluation units; it is not a confidence interval.
fig2_horizon_mae_and_upstream_effect,A,S4,day_3_SD,reproducibility/frozen_e0_e5/summaries/e5_final_metric_summary.csv,9cd199680940e5b03ce58ac8d391b260d254de6ad8a0605dbbe163a179c17d48,station_set=S4;horizon_days=3,MAE_m_std,none,0.19502401129991168,0.19502401129991168,0.195,descriptive frozen E5 fold/seed summary,SD is across recorded fold/seed evaluation units; it is not a confidence interval.
fig2_horizon_mae_and_upstream_effect,A,S4,day_3_mean,reproducibility/frozen_e0_e5/summaries/e5_final_metric_summary.csv,9cd199680940e5b03ce58ac8d391b260d254de6ad8a0605dbbe163a179c17d48,station_set=S4;horizon_days=3,MAE_m_mean,none,0.4475847838387031,0.4475847838387031,0.448,descriptive frozen E5 fold/seed summary,SD is across recorded fold/seed evaluation units; it is not a confidence interval.
fig2_horizon_mae_and_upstream_effect,A,S4,day_5_SD,reproducibility/frozen_e0_e5/summaries/e5_final_metric_summary.csv,9cd199680940e5b03ce58ac8d391b260d254de6ad8a0605dbbe163a179c17d48,station_set=S4;horizon_days=5,MAE_m_std,none,0.22895841365354738,0.22895841365354738,0.229,descriptive frozen E5 fold/seed summary,SD is across recorded fold/seed evaluation units; it is not a confidence interval.
fig2_horizon_mae_and_upstream_effect,A,S4,day_5_mean,reproducibility/frozen_e0_e5/summaries/e5_final_metric_summary.csv,9cd199680940e5b03ce58ac8d391b260d254de6ad8a0605dbbe163a179c17d48,station_set=S4;horizon_days=5,MAE_m_mean,none,0.5292321162303202,0.5292321162303202,0.529,descriptive frozen E5 fold/seed summary,SD is across recorded fold/seed evaluation units; it is not a confidence interval.
fig2_horizon_mae_and_upstream_effect,A,S4,day_7_SD,reproducibility/frozen_e0_e5/summaries/e5_final_metric_summary.csv,9cd199680940e5b03ce58ac8d391b260d254de6ad8a0605dbbe163a179c17d48,station_set=S4;horizon_days=7,MAE_m_std,none,0.25813372481999663,0.25813372481999663,0.258,descriptive frozen E5 fold/seed summary,SD is across recorded fold/seed evaluation units; it is not a confidence interval.
fig2_horizon_mae_and_upstream_effect,A,S4,day_7_mean,reproducibility/frozen_e0_e5/summaries/e5_final_metric_summary.csv,9cd199680940e5b03ce58ac8d391b260d254de6ad8a0605dbbe163a179c17d48,station_set=S4;horizon_days=7,MAE_m_mean,none,0.6356860728522946,0.6356860728522946,0.636,descriptive frozen E5 fold/seed summary,SD is across recorded fold/seed evaluation units; it is not a confidence interval.
fig2_horizon_mae_and_upstream_effect,B,S4_vs_S0,day_14_ci_high,reproducibility/frozen_e0_e5/summaries/e5_s4_vs_s0_inference.csv,839cd5140347fa8d098c465b41a3b428cfd46c1f02785a3a45118dd9da9716b7,comparison=S4_vs_S0;horizon_days=14;block_length_days=30,ci_high_m,none; positive effect means S4 has lower MAE,0.05520789491122017,0.05520789491122017,0.055,primary frozen E5 paired inference,No significance marker: 95% CI crosses zero and Holm-adjusted p >= 0.05.
fig2_horizon_mae_and_upstream_effect,B,S4_vs_S0,day_14_ci_low,reproducibility/frozen_e0_e5/summaries/e5_s4_vs_s0_inference.csv,839cd5140347fa8d098c465b41a3b428cfd46c1f02785a3a45118dd9da9716b7,comparison=S4_vs_S0;horizon_days=14;block_length_days=30,ci_low_m,none; positive effect means S4 has lower MAE,-0.04169854675745707,-0.04169854675745707,-0.042,primary frozen E5 paired inference,No significance marker: 95% CI crosses zero and Holm-adjusted p >= 0.05.
fig2_horizon_mae_and_upstream_effect,B,S4_vs_S0,day_14_effect,reproducibility/frozen_e0_e5/summaries/e5_s4_vs_s0_inference.csv,839cd5140347fa8d098c465b41a3b428cfd46c1f02785a3a45118dd9da9716b7,comparison=S4_vs_S0;horizon_days=14;block_length_days=30,mean_MAE_improvement_m,none; positive effect means S4 has lower MAE,0.017764144711537425,0.017764144711537425,0.018,primary frozen E5 paired inference,No significance marker: 95% CI crosses zero and Holm-adjusted p >= 0.05.
fig2_horizon_mae_and_upstream_effect,B,S4_vs_S0,day_14_holm_p,reproducibility/frozen_e0_e5/summaries/e5_s4_vs_s0_inference.csv,839cd5140347fa8d098c465b41a3b428cfd46c1f02785a3a45118dd9da9716b7,comparison=S4_vs_S0;horizon_days=14;block_length_days=30,dm_holm_p_value,none; positive effect means S4 has lower MAE,0.4737047445704347,0.4737047445704347,0.474,primary frozen E5 paired inference,No significance marker: 95% CI crosses zero and Holm-adjusted p >= 0.05.
fig2_horizon_mae_and_upstream_effect,B,S4_vs_S0,day_7_ci_high,reproducibility/frozen_e0_e5/summaries/e5_s4_vs_s0_inference.csv,839cd5140347fa8d098c465b41a3b428cfd46c1f02785a3a45118dd9da9716b7,comparison=S4_vs_S0;horizon_days=7;block_length_days=30,ci_high_m,none; positive effect means S4 has lower MAE,0.07927794225910546,0.07927794225910546,0.079,primary frozen E5 paired inference,No significance marker: 95% CI crosses zero and Holm-adjusted p >= 0.05.
fig2_horizon_mae_and_upstream_effect,B,S4_vs_S0,day_7_ci_low,reproducibility/frozen_e0_e5/summaries/e5_s4_vs_s0_inference.csv,839cd5140347fa8d098c465b41a3b428cfd46c1f02785a3a45118dd9da9716b7,comparison=S4_vs_S0;horizon_days=7;block_length_days=30,ci_low_m,none; positive effect means S4 has lower MAE,-0.019899060334667113,-0.019899060334667113,-0.020,primary frozen E5 paired inference,No significance marker: 95% CI crosses zero and Holm-adjusted p >= 0.05.
fig2_horizon_mae_and_upstream_effect,B,S4_vs_S0,day_7_effect,reproducibility/frozen_e0_e5/summaries/e5_s4_vs_s0_inference.csv,839cd5140347fa8d098c465b41a3b428cfd46c1f02785a3a45118dd9da9716b7,comparison=S4_vs_S0;horizon_days=7;block_length_days=30,mean_MAE_improvement_m,none; positive effect means S4 has lower MAE,0.03495755608435649,0.03495755608435649,0.035,primary frozen E5 paired inference,No significance marker: 95% CI crosses zero and Holm-adjusted p >= 0.05.
fig2_horizon_mae_and_upstream_effect,B,S4_vs_S0,day_7_holm_p,reproducibility/frozen_e0_e5/summaries/e5_s4_vs_s0_inference.csv,839cd5140347fa8d098c465b41a3b428cfd46c1f02785a3a45118dd9da9716b7,comparison=S4_vs_S0;horizon_days=7;block_length_days=30,dm_holm_p_value,none; positive effect means S4 has lower MAE,0.2549296208930516,0.2549296208930516,0.255,primary frozen E5 paired inference,No significance marker: 95% CI crosses zero and Holm-adjusted p >= 0.05.
fig3_predictive_skill_horizon,A,S4,day_10_ci_high,reproducibility/frozen_e0_e5/summaries/e5_persistence_skill_inference.csv,cc663bd7aa65642fc7e20f97e4431c0f434216a368d5121e4dbd197eebe9fc44,station_set=S4;horizon_days=10,skill_ci_high,multiply by 100 for percent axis,0.12109616993780556,12.109616993780556,12.11,frozen E5 persistence-skill inference,"Predictively useful is a statistical criterion, not an operational warning lead time."
fig3_predictive_skill_horizon,A,S4,day_10_ci_low,reproducibility/frozen_e0_e5/summaries/e5_persistence_skill_inference.csv,cc663bd7aa65642fc7e20f97e4431c0f434216a368d5121e4dbd197eebe9fc44,station_set=S4;horizon_days=10,skill_ci_low,multiply by 100 for percent axis,-0.02904245248176098,-2.9042452481760983,-2.90,frozen E5 persistence-skill inference,"Predictively useful is a statistical criterion, not an operational warning lead time."
fig3_predictive_skill_horizon,A,S4,day_10_skill,reproducibility/frozen_e0_e5/summaries/e5_persistence_skill_inference.csv,cc663bd7aa65642fc7e20f97e4431c0f434216a368d5121e4dbd197eebe9fc44,station_set=S4;horizon_days=10,MAE_skill_vs_persistence,multiply by 100 for percent axis,0.05230570128626966,5.230570128626965,5.23,frozen E5 persistence-skill inference,"Predictively useful is a statistical criterion, not an operational warning lead time."
fig3_predictive_skill_horizon,A,S4,day_11_ci_high,reproducibility/frozen_e0_e5/summaries/e5_persistence_skill_inference.csv,cc663bd7aa65642fc7e20f97e4431c0f434216a368d5121e4dbd197eebe9fc44,station_set=S4;horizon_days=11,skill_ci_high,multiply by 100 for percent axis,0.11491782382417284,11.491782382417284,11.49,frozen E5 persistence-skill inference,"Predictively useful is a statistical criterion, not an operational warning lead time."
fig3_predictive_skill_horizon,A,S4,day_11_ci_low,reproducibility/frozen_e0_e5/summaries/e5_persistence_skill_inference.csv,cc663bd7aa65642fc7e20f97e4431c0f434216a368d5121e4dbd197eebe9fc44,station_set=S4;horizon_days=11,skill_ci_low,multiply by 100 for percent axis,-0.031542058147802234,-3.1542058147802234,-3.15,frozen E5 persistence-skill inference,"Predictively useful is a statistical criterion, not an operational warning lead time."
fig3_predictive_skill_horizon,A,S4,day_11_skill,reproducibility/frozen_e0_e5/summaries/e5_persistence_skill_inference.csv,cc663bd7aa65642fc7e20f97e4431c0f434216a368d5121e4dbd197eebe9fc44,station_set=S4;horizon_days=11,MAE_skill_vs_persistence,multiply by 100 for percent axis,0.05225057221816998,5.225057221816998,5.23,frozen E5 persistence-skill inference,"Predictively useful is a statistical criterion, not an operational warning lead time."
fig3_predictive_skill_horizon,A,S4,day_12_ci_high,reproducibility/frozen_e0_e5/summaries/e5_persistence_skill_inference.csv,cc663bd7aa65642fc7e20f97e4431c0f434216a368d5121e4dbd197eebe9fc44,station_set=S4;horizon_days=12,skill_ci_high,multiply by 100 for percent axis,0.11400373389688095,11.400373389688095,11.40,frozen E5 persistence-skill inference,"Predictively useful is a statistical criterion, not an operational warning lead time."
fig3_predictive_skill_horizon,A,S4,day_12_ci_low,reproducibility/frozen_e0_e5/summaries/e5_persistence_skill_inference.csv,cc663bd7aa65642fc7e20f97e4431c0f434216a368d5121e4dbd197eebe9fc44,station_set=S4;horizon_days=12,skill_ci_low,multiply by 100 for percent axis,-0.033716184686864964,-3.3716184686864965,-3.37,frozen E5 persistence-skill inference,"Predictively useful is a statistical criterion, not an operational warning lead time."
fig3_predictive_skill_horizon,A,S4,day_12_skill,reproducibility/frozen_e0_e5/summaries/e5_persistence_skill_inference.csv,cc663bd7aa65642fc7e20f97e4431c0f434216a368d5121e4dbd197eebe9fc44,station_set=S4;horizon_days=12,MAE_skill_vs_persistence,multiply by 100 for percent axis,0.04861510514670886,4.861510514670886,4.86,frozen E5 persistence-skill inference,"Predictively useful is a statistical criterion, not an operational warning lead time."
fig3_predictive_skill_horizon,A,S4,day_13_ci_high,reproducibility/frozen_e0_e5/summaries/e5_persistence_skill_inference.csv,cc663bd7aa65642fc7e20f97e4431c0f434216a368d5121e4dbd197eebe9fc44,station_set=S4;horizon_days=13,skill_ci_high,multiply by 100 for percent axis,0.11462891617295,11.462891617295,11.46,frozen E5 persistence-skill inference,"Predictively useful is a statistical criterion, not an operational warning lead time."
fig3_predictive_skill_horizon,A,S4,day_13_ci_low,reproducibility/frozen_e0_e5/summaries/e5_persistence_skill_inference.csv,cc663bd7aa65642fc7e20f97e4431c0f434216a368d5121e4dbd197eebe9fc44,station_set=S4;horizon_days=13,skill_ci_low,multiply by 100 for percent axis,-0.02838817485692005,-2.838817485692005,-2.84,frozen E5 persistence-skill inference,"Predictively useful is a statistical criterion, not an operational warning lead time."
fig3_predictive_skill_horizon,A,S4,day_13_skill,reproducibility/frozen_e0_e5/summaries/e5_persistence_skill_inference.csv,cc663bd7aa65642fc7e20f97e4431c0f434216a368d5121e4dbd197eebe9fc44,station_set=S4;horizon_days=13,MAE_skill_vs_persistence,multiply by 100 for percent axis,0.044123637043064434,4.412363704306443,4.41,frozen E5 persistence-skill inference,"Predictively useful is a statistical criterion, not an operational warning lead time."
fig3_predictive_skill_horizon,A,S4,day_14_ci_high,reproducibility/frozen_e0_e5/summaries/e5_persistence_skill_inference.csv,cc663bd7aa65642fc7e20f97e4431c0f434216a368d5121e4dbd197eebe9fc44,station_set=S4;horizon_days=14,skill_ci_high,multiply by 100 for percent axis,0.11851478735307257,11.851478735307257,11.85,frozen E5 persistence-skill inference,"Predictively useful is a statistical criterion, not an operational warning lead time."
fig3_predictive_skill_horizon,A,S4,day_14_ci_low,reproducibility/frozen_e0_e5/summaries/e5_persistence_skill_inference.csv,cc663bd7aa65642fc7e20f97e4431c0f434216a368d5121e4dbd197eebe9fc44,station_set=S4;horizon_days=14,skill_ci_low,multiply by 100 for percent axis,-0.024533653858194594,-2.4533653858194593,-2.45,frozen E5 persistence-skill inference,"Predictively useful is a statistical criterion, not an operational warning lead time."
fig3_predictive_skill_horizon,A,S4,day_14_skill,reproducibility/frozen_e0_e5/summaries/e5_persistence_skill_inference.csv,cc663bd7aa65642fc7e20f97e4431c0f434216a368d5121e4dbd197eebe9fc44,station_set=S4;horizon_days=14,MAE_skill_vs_persistence,multiply by 100 for percent axis,0.04762313881336444,4.7623138813364445,4.76,frozen E5 persistence-skill inference,"Predictively useful is a statistical criterion, not an operational warning lead time."
fig3_predictive_skill_horizon,A,S4,day_1_ci_high,reproducibility/frozen_e0_e5/summaries/e5_persistence_skill_inference.csv,cc663bd7aa65642fc7e20f97e4431c0f434216a368d5121e4dbd197eebe9fc44,station_set=S4;horizon_days=1,skill_ci_high,multiply by 100 for percent axis,-0.9208970968602289,-92.08970968602289,-92.09,frozen E5 persistence-skill inference,"Predictively useful is a statistical criterion, not an operational warning lead time."
fig3_predictive_skill_horizon,A,S4,day_1_ci_low,reproducibility/frozen_e0_e5/summaries/e5_persistence_skill_inference.csv,cc663bd7aa65642fc7e20f97e4431c0f434216a368d5121e4dbd197eebe9fc44,station_set=S4;horizon_days=1,skill_ci_low,multiply by 100 for percent axis,-2.011498867544291,-201.1498867544291,-201.15,frozen E5 persistence-skill inference,"Predictively useful is a statistical criterion, not an operational warning lead time."
fig3_predictive_skill_horizon,A,S4,day_1_skill,reproducibility/frozen_e0_e5/summaries/e5_persistence_skill_inference.csv,cc663bd7aa65642fc7e20f97e4431c0f434216a368d5121e4dbd197eebe9fc44,station_set=S4;horizon_days=1,MAE_skill_vs_persistence,multiply by 100 for percent axis,-1.40267183270994,-140.267183270994,-140.27,frozen E5 persistence-skill inference,"Predictively useful is a statistical criterion, not an operational warning lead time."
fig3_predictive_skill_horizon,A,S4,day_2_ci_high,reproducibility/frozen_e0_e5/summaries/e5_persistence_skill_inference.csv,cc663bd7aa65642fc7e20f97e4431c0f434216a368d5121e4dbd197eebe9fc44,station_set=S4;horizon_days=2,skill_ci_high,multiply by 100 for percent axis,-0.14816519027115735,-14.816519027115735,-14.82,frozen E5 persistence-skill inference,"Predictively useful is a statistical criterion, not an operational warning lead time."
fig3_predictive_skill_horizon,A,S4,day_2_ci_low,reproducibility/frozen_e0_e5/summaries/e5_persistence_skill_inference.csv,cc663bd7aa65642fc7e20f97e4431c0f434216a368d5121e4dbd197eebe9fc44,station_set=S4;horizon_days=2,skill_ci_low,multiply by 100 for percent axis,-0.7408065193151894,-74.08065193151894,-74.08,frozen E5 persistence-skill inference,"Predictively useful is a statistical criterion, not an operational warning lead time."
fig3_predictive_skill_horizon,A,S4,day_2_skill,reproducibility/frozen_e0_e5/summaries/e5_persistence_skill_inference.csv,cc663bd7aa65642fc7e20f97e4431c0f434216a368d5121e4dbd197eebe9fc44,station_set=S4;horizon_days=2,MAE_skill_vs_persistence,multiply by 100 for percent axis,-0.3928608006004026,-39.28608006004026,-39.29,frozen E5 persistence-skill inference,"Predictively useful is a statistical criterion, not an operational warning lead time."
fig3_predictive_skill_horizon,A,S4,day_3_ci_high,reproducibility/frozen_e0_e5/summaries/e5_persistence_skill_inference.csv,cc663bd7aa65642fc7e20f97e4431c0f434216a368d5121e4dbd197eebe9fc44,station_set=S4;horizon_days=3,skill_ci_high,multiply by 100 for percent axis,0.05535053587071887,5.5350535870718875,5.54,frozen E5 persistence-skill inference,"Predictively useful is a statistical criterion, not an operational warning lead time."
fig3_predictive_skill_horizon,A,S4,day_3_ci_low,reproducibility/frozen_e0_e5/summaries/e5_persistence_skill_inference.csv,cc663bd7aa65642fc7e20f97e4431c0f434216a368d5121e4dbd197eebe9fc44,station_set=S4;horizon_days=3,skill_ci_low,multiply by 100 for percent axis,-0.32283124070847785,-32.283124070847784,-32.28,frozen E5 persistence-skill inference,"Predictively useful is a statistical criterion, not an operational warning lead time."
fig3_predictive_skill_horizon,A,S4,day_3_skill,reproducibility/frozen_e0_e5/summaries/e5_persistence_skill_inference.csv,cc663bd7aa65642fc7e20f97e4431c0f434216a368d5121e4dbd197eebe9fc44,station_set=S4;horizon_days=3,MAE_skill_vs_persistence,multiply by 100 for percent axis,-0.10729054579591524,-10.729054579591523,-10.73,frozen E5 persistence-skill inference,"Predictively useful is a statistical criterion, not an operational warning lead time."
fig3_predictive_skill_horizon,A,S4,day_4_ci_high,reproducibility/frozen_e0_e5/summaries/e5_persistence_skill_inference.csv,cc663bd7aa65642fc7e20f97e4431c0f434216a368d5121e4dbd197eebe9fc44,station_set=S4;horizon_days=4,skill_ci_high,multiply by 100 for percent axis,0.14796440730489685,14.796440730489685,14.80,frozen E5 persistence-skill inference,"Predictively useful is a statistical criterion, not an operational warning lead time."
fig3_predictive_skill_horizon,A,S4,day_4_ci_low,reproducibility/frozen_e0_e5/summaries/e5_persistence_skill_inference.csv,cc663bd7aa65642fc7e20f97e4431c0f434216a368d5121e4dbd197eebe9fc44,station_set=S4;horizon_days=4,skill_ci_low,multiply by 100 for percent axis,-0.1366287044120328,-13.662870441203278,-13.66,frozen E5 persistence-skill inference,"Predictively useful is a statistical criterion, not an operational warning lead time."
fig3_predictive_skill_horizon,A,S4,day_4_skill,reproducibility/frozen_e0_e5/summaries/e5_persistence_skill_inference.csv,cc663bd7aa65642fc7e20f97e4431c0f434216a368d5121e4dbd197eebe9fc44,station_set=S4;horizon_days=4,MAE_skill_vs_persistence,multiply by 100 for percent axis,0.022393932357601565,2.2393932357601565,2.24,frozen E5 persistence-skill inference,"Predictively useful is a statistical criterion, not an operational warning lead time."
fig3_predictive_skill_horizon,A,S4,day_5_ci_high,reproducibility/frozen_e0_e5/summaries/e5_persistence_skill_inference.csv,cc663bd7aa65642fc7e20f97e4431c0f434216a368d5121e4dbd197eebe9fc44,station_set=S4;horizon_days=5,skill_ci_high,multiply by 100 for percent axis,0.18051264162980357,18.051264162980356,18.05,frozen E5 persistence-skill inference,"Predictively useful is a statistical criterion, not an operational warning lead time."
fig3_predictive_skill_horizon,A,S4,day_5_ci_low,reproducibility/frozen_e0_e5/summaries/e5_persistence_skill_inference.csv,cc663bd7aa65642fc7e20f97e4431c0f434216a368d5121e4dbd197eebe9fc44,station_set=S4;horizon_days=5,skill_ci_low,multiply by 100 for percent axis,-0.0396654821924054,-3.96654821924054,-3.97,frozen E5 persistence-skill inference,"Predictively useful is a statistical criterion, not an operational warning lead time."
fig3_predictive_skill_horizon,A,S4,day_5_skill,reproducibility/frozen_e0_e5/summaries/e5_persistence_skill_inference.csv,cc663bd7aa65642fc7e20f97e4431c0f434216a368d5121e4dbd197eebe9fc44,station_set=S4;horizon_days=5,MAE_skill_vs_persistence,multiply by 100 for percent axis,0.08184021213804193,8.184021213804193,8.18,frozen E5 persistence-skill inference,"Predictively useful is a statistical criterion, not an operational warning lead time."
fig3_predictive_skill_horizon,A,S4,day_6_ci_high,reproducibility/frozen_e0_e5/summaries/e5_persistence_skill_inference.csv,cc663bd7aa65642fc7e20f97e4431c0f434216a368d5121e4dbd197eebe9fc44,station_set=S4;horizon_days=6,skill_ci_high,multiply by 100 for percent axis,0.18041278263144292,18.041278263144292,18.04,frozen E5 persistence-skill inference,"Predictively useful is a statistical criterion, not an operational warning lead time."
fig3_predictive_skill_horizon,A,S4,day_6_ci_low,reproducibility/frozen_e0_e5/summaries/e5_persistence_skill_inference.csv,cc663bd7aa65642fc7e20f97e4431c0f434216a368d5121e4dbd197eebe9fc44,station_set=S4;horizon_days=6,skill_ci_low,multiply by 100 for percent axis,0.004628234012849572,0.46282340128495725,0.46,frozen E5 persistence-skill inference,"Predictively useful is a statistical criterion, not an operational warning lead time."
fig3_predictive_skill_horizon,A,S4,day_6_predictively_useful_flag,reproducibility/frozen_e0_e5/summaries/e5_persistence_skill_inference.csv,cc663bd7aa65642fc7e20f97e4431c0f434216a368d5121e4dbd197eebe9fc44,station_set=S4;horizon_days=6,predictively_useful,none; determines highlighted diamond marker,True,True,day 6 highlighted as farthest predictively useful horizon,frozen E5 persistence-skill inference,Statistical criterion only; not an operational warning lead time.
fig3_predictive_skill_horizon,A,S4,day_6_skill,reproducibility/frozen_e0_e5/summaries/e5_persistence_skill_inference.csv,cc663bd7aa65642fc7e20f97e4431c0f434216a368d5121e4dbd197eebe9fc44,station_set=S4;horizon_days=6,MAE_skill_vs_persistence,multiply by 100 for percent axis,0.09742765463736902,9.742765463736902,9.74,frozen E5 persistence-skill inference,"Predictively useful is a statistical criterion, not an operational warning lead time."
fig3_predictive_skill_horizon,A,S4,day_7_ci_high,reproducibility/frozen_e0_e5/summaries/e5_persistence_skill_inference.csv,cc663bd7aa65642fc7e20f97e4431c0f434216a368d5121e4dbd197eebe9fc44,station_set=S4;horizon_days=7,skill_ci_high,multiply by 100 for percent axis,0.1674744264846324,16.74744264846324,16.75,frozen E5 persistence-skill inference,"Predictively useful is a statistical criterion, not an operational warning lead time."
fig3_predictive_skill_horizon,A,S4,day_7_ci_low,reproducibility/frozen_e0_e5/summaries/e5_persistence_skill_inference.csv,cc663bd7aa65642fc7e20f97e4431c0f434216a368d5121e4dbd197eebe9fc44,station_set=S4;horizon_days=7,skill_ci_low,multiply by 100 for percent axis,-0.0024120723358658884,-0.24120723358658885,-0.24,frozen E5 persistence-skill inference,"Predictively useful is a statistical criterion, not an operational warning lead time."
fig3_predictive_skill_horizon,A,S4,day_7_skill,reproducibility/frozen_e0_e5/summaries/e5_persistence_skill_inference.csv,cc663bd7aa65642fc7e20f97e4431c0f434216a368d5121e4dbd197eebe9fc44,station_set=S4;horizon_days=7,MAE_skill_vs_persistence,multiply by 100 for percent axis,0.08932141874139077,8.932141874139077,8.93,frozen E5 persistence-skill inference,"Predictively useful is a statistical criterion, not an operational warning lead time."
fig3_predictive_skill_horizon,A,S4,day_8_ci_high,reproducibility/frozen_e0_e5/summaries/e5_persistence_skill_inference.csv,cc663bd7aa65642fc7e20f97e4431c0f434216a368d5121e4dbd197eebe9fc44,station_set=S4;horizon_days=8,skill_ci_high,multiply by 100 for percent axis,0.14058741137548092,14.058741137548092,14.06,frozen E5 persistence-skill inference,"Predictively useful is a statistical criterion, not an operational warning lead time."
fig3_predictive_skill_horizon,A,S4,day_8_ci_low,reproducibility/frozen_e0_e5/summaries/e5_persistence_skill_inference.csv,cc663bd7aa65642fc7e20f97e4431c0f434216a368d5121e4dbd197eebe9fc44,station_set=S4;horizon_days=8,skill_ci_low,multiply by 100 for percent axis,-0.020350108133846967,-2.0350108133846967,-2.04,frozen E5 persistence-skill inference,"Predictively useful is a statistical criterion, not an operational warning lead time."
fig3_predictive_skill_horizon,A,S4,day_8_skill,reproducibility/frozen_e0_e5/summaries/e5_persistence_skill_inference.csv,cc663bd7aa65642fc7e20f97e4431c0f434216a368d5121e4dbd197eebe9fc44,station_set=S4;horizon_days=8,MAE_skill_vs_persistence,multiply by 100 for percent axis,0.06349197470250334,6.349197470250334,6.35,frozen E5 persistence-skill inference,"Predictively useful is a statistical criterion, not an operational warning lead time."
fig3_predictive_skill_horizon,A,S4,day_9_ci_high,reproducibility/frozen_e0_e5/summaries/e5_persistence_skill_inference.csv,cc663bd7aa65642fc7e20f97e4431c0f434216a368d5121e4dbd197eebe9fc44,station_set=S4;horizon_days=9,skill_ci_high,multiply by 100 for percent axis,0.12417127742902219,12.417127742902219,12.42,frozen E5 persistence-skill inference,"Predictively useful is a statistical criterion, not an operational warning lead time."
fig3_predictive_skill_horizon,A,S4,day_9_ci_low,reproducibility/frozen_e0_e5/summaries/e5_persistence_skill_inference.csv,cc663bd7aa65642fc7e20f97e4431c0f434216a368d5121e4dbd197eebe9fc44,station_set=S4;horizon_days=9,skill_ci_low,multiply by 100 for percent axis,-0.02287768570718529,-2.287768570718529,-2.29,frozen E5 persistence-skill inference,"Predictively useful is a statistical criterion, not an operational warning lead time."
fig3_predictive_skill_horizon,A,S4,day_9_skill,reproducibility/frozen_e0_e5/summaries/e5_persistence_skill_inference.csv,cc663bd7aa65642fc7e20f97e4431c0f434216a368d5121e4dbd197eebe9fc44,station_set=S4;horizon_days=9,MAE_skill_vs_persistence,multiply by 100 for percent axis,0.0562563873837465,5.62563873837465,5.63,frozen E5 persistence-skill inference,"Predictively useful is a statistical criterion, not an operational warning lead time."
fig3_predictive_skill_horizon,B,S4,day_10_NSE,reproducibility/frozen_e0_e5/summaries/e5_persistence_skill_inference.csv,cc663bd7aa65642fc7e20f97e4431c0f434216a368d5121e4dbd197eebe9fc44,station_set=S4;horizon_days=10,NSE,none,0.8484425190011717,0.8484425190011717,0.848,frozen E5 persistence-skill inference,"Predictively useful is a statistical criterion, not an operational warning lead time."
fig3_predictive_skill_horizon,B,S4,day_11_NSE,reproducibility/frozen_e0_e5/summaries/e5_persistence_skill_inference.csv,cc663bd7aa65642fc7e20f97e4431c0f434216a368d5121e4dbd197eebe9fc44,station_set=S4;horizon_days=11,NSE,none,0.8339893709114414,0.8339893709114414,0.834,frozen E5 persistence-skill inference,"Predictively useful is a statistical criterion, not an operational warning lead time."
fig3_predictive_skill_horizon,B,S4,day_12_NSE,reproducibility/frozen_e0_e5/summaries/e5_persistence_skill_inference.csv,cc663bd7aa65642fc7e20f97e4431c0f434216a368d5121e4dbd197eebe9fc44,station_set=S4;horizon_days=12,NSE,none,0.8194619547481737,0.8194619547481737,0.819,frozen E5 persistence-skill inference,"Predictively useful is a statistical criterion, not an operational warning lead time."
fig3_predictive_skill_horizon,B,S4,day_13_NSE,reproducibility/frozen_e0_e5/summaries/e5_persistence_skill_inference.csv,cc663bd7aa65642fc7e20f97e4431c0f434216a368d5121e4dbd197eebe9fc44,station_set=S4;horizon_days=13,NSE,none,0.8054678575246224,0.8054678575246224,0.805,frozen E5 persistence-skill inference,"Predictively useful is a statistical criterion, not an operational warning lead time."
fig3_predictive_skill_horizon,B,S4,day_14_NSE,reproducibility/frozen_e0_e5/summaries/e5_persistence_skill_inference.csv,cc663bd7aa65642fc7e20f97e4431c0f434216a368d5121e4dbd197eebe9fc44,station_set=S4;horizon_days=14,NSE,none,0.7907920689028832,0.7907920689028832,0.791,frozen E5 persistence-skill inference,"Predictively useful is a statistical criterion, not an operational warning lead time."
fig3_predictive_skill_horizon,B,S4,day_1_NSE,reproducibility/frozen_e0_e5/summaries/e5_persistence_skill_inference.csv,cc663bd7aa65642fc7e20f97e4431c0f434216a368d5121e4dbd197eebe9fc44,station_set=S4;horizon_days=1,NSE,none,0.9664176277933582,0.9664176277933582,0.966,frozen E5 persistence-skill inference,"Predictively useful is a statistical criterion, not an operational warning lead time."
fig3_predictive_skill_horizon,B,S4,day_2_NSE,reproducibility/frozen_e0_e5/summaries/e5_persistence_skill_inference.csv,cc663bd7aa65642fc7e20f97e4431c0f434216a368d5121e4dbd197eebe9fc44,station_set=S4;horizon_days=2,NSE,none,0.9615605278144524,0.9615605278144524,0.962,frozen E5 persistence-skill inference,"Predictively useful is a statistical criterion, not an operational warning lead time."
fig3_predictive_skill_horizon,B,S4,day_3_NSE,reproducibility/frozen_e0_e5/summaries/e5_persistence_skill_inference.csv,cc663bd7aa65642fc7e20f97e4431c0f434216a368d5121e4dbd197eebe9fc44,station_set=S4;horizon_days=3,NSE,none,0.9531026218106431,0.9531026218106431,0.953,frozen E5 persistence-skill inference,"Predictively useful is a statistical criterion, not an operational warning lead time."
fig3_predictive_skill_horizon,B,S4,day_4_NSE,reproducibility/frozen_e0_e5/summaries/e5_persistence_skill_inference.csv,cc663bd7aa65642fc7e20f97e4431c0f434216a368d5121e4dbd197eebe9fc44,station_set=S4;horizon_days=4,NSE,none,0.9426876904822952,0.9426876904822952,0.943,frozen E5 persistence-skill inference,"Predictively useful is a statistical criterion, not an operational warning lead time."
fig3_predictive_skill_horizon,B,S4,day_5_NSE,reproducibility/frozen_e0_e5/summaries/e5_persistence_skill_inference.csv,cc663bd7aa65642fc7e20f97e4431c0f434216a368d5121e4dbd197eebe9fc44,station_set=S4;horizon_days=5,NSE,none,0.9299782889366399,0.9299782889366399,0.930,frozen E5 persistence-skill inference,"Predictively useful is a statistical criterion, not an operational warning lead time."
fig3_predictive_skill_horizon,B,S4,day_6_NSE,reproducibility/frozen_e0_e5/summaries/e5_persistence_skill_inference.csv,cc663bd7aa65642fc7e20f97e4431c0f434216a368d5121e4dbd197eebe9fc44,station_set=S4;horizon_days=6,NSE,none,0.9144828996410675,0.9144828996410675,0.914,frozen E5 persistence-skill inference,"Predictively useful is a statistical criterion, not an operational warning lead time."
fig3_predictive_skill_horizon,B,S4,day_7_NSE,reproducibility/frozen_e0_e5/summaries/e5_persistence_skill_inference.csv,cc663bd7aa65642fc7e20f97e4431c0f434216a368d5121e4dbd197eebe9fc44,station_set=S4;horizon_days=7,NSE,none,0.8978997650817107,0.8978997650817107,0.898,frozen E5 persistence-skill inference,"Predictively useful is a statistical criterion, not an operational warning lead time."
fig3_predictive_skill_horizon,B,S4,day_8_NSE,reproducibility/frozen_e0_e5/summaries/e5_persistence_skill_inference.csv,cc663bd7aa65642fc7e20f97e4431c0f434216a368d5121e4dbd197eebe9fc44,station_set=S4;horizon_days=8,NSE,none,0.8801870971798036,0.8801870971798036,0.880,frozen E5 persistence-skill inference,"Predictively useful is a statistical criterion, not an operational warning lead time."
fig3_predictive_skill_horizon,B,S4,day_9_NSE,reproducibility/frozen_e0_e5/summaries/e5_persistence_skill_inference.csv,cc663bd7aa65642fc7e20f97e4431c0f434216a368d5121e4dbd197eebe9fc44,station_set=S4;horizon_days=9,NSE,none,0.8639856483754773,0.8639856483754773,0.864,frozen E5 persistence-skill inference,"Predictively useful is a statistical criterion, not an operational warning lead time."
figS1_station_contribution,A,incremental_addition,CKH_day_14,reproducibility/frozen_e0_e5/summaries/e4_station_contributions.csv,994f75a047aac43d63b4fb4a893dede7582623bb15c4fa879c1382420148a663,analysis=incremental_addition;station=CKH;horizon_days=14;reference_set=S1;comparison_set=S2,MAE_improvement_m,none; positive means adding/retaining station lowered validation MAE,0.029301742522438556,0.029301742522438556,0.029,exploratory E4 validation-only single-seed,Predictive ablation; not causal station importance.
figS1_station_contribution,A,incremental_addition,CKH_day_7,reproducibility/frozen_e0_e5/summaries/e4_station_contributions.csv,994f75a047aac43d63b4fb4a893dede7582623bb15c4fa879c1382420148a663,analysis=incremental_addition;station=CKH;horizon_days=7;reference_set=S1;comparison_set=S2,MAE_improvement_m,none; positive means adding/retaining station lowered validation MAE,0.057700005683673616,0.057700005683673616,0.058,exploratory E4 validation-only single-seed,Predictive ablation; not causal station importance.
figS1_station_contribution,A,incremental_addition,CSA_day_14,reproducibility/frozen_e0_e5/summaries/e4_station_contributions.csv,994f75a047aac43d63b4fb4a893dede7582623bb15c4fa879c1382420148a663,analysis=incremental_addition;station=CSA;horizon_days=14;reference_set=S3;comparison_set=S4,MAE_improvement_m,none; positive means adding/retaining station lowered validation MAE,0.011336706226928284,0.011336706226928284,0.011,exploratory E4 validation-only single-seed,Predictive ablation; not causal station importance.
figS1_station_contribution,A,incremental_addition,CSA_day_7,reproducibility/frozen_e0_e5/summaries/e4_station_contributions.csv,994f75a047aac43d63b4fb4a893dede7582623bb15c4fa879c1382420148a663,analysis=incremental_addition;station=CSA;horizon_days=7;reference_set=S3;comparison_set=S4,MAE_improvement_m,none; positive means adding/retaining station lowered validation MAE,0.08175252987933734,0.08175252987933734,0.082,exploratory E4 validation-only single-seed,Predictive ablation; not causal station importance.
figS1_station_contribution,A,incremental_addition,LUA_day_14,reproducibility/frozen_e0_e5/summaries/e4_station_contributions.csv,994f75a047aac43d63b4fb4a893dede7582623bb15c4fa879c1382420148a663,analysis=incremental_addition;station=LUA;horizon_days=14;reference_set=S2;comparison_set=S3,MAE_improvement_m,none; positive means adding/retaining station lowered validation MAE,0.022130261339666002,0.022130261339666002,0.022,exploratory E4 validation-only single-seed,Predictive ablation; not causal station importance.
figS1_station_contribution,A,incremental_addition,LUA_day_7,reproducibility/frozen_e0_e5/summaries/e4_station_contributions.csv,994f75a047aac43d63b4fb4a893dede7582623bb15c4fa879c1382420148a663,analysis=incremental_addition;station=LUA;horizon_days=7;reference_set=S2;comparison_set=S3,MAE_improvement_m,none; positive means adding/retaining station lowered validation MAE,0.032098928229557955,0.032098928229557955,0.032,exploratory E4 validation-only single-seed,Predictive ablation; not causal station importance.
figS1_station_contribution,A,incremental_addition,VIE_day_14,reproducibility/frozen_e0_e5/summaries/e4_station_contributions.csv,994f75a047aac43d63b4fb4a893dede7582623bb15c4fa879c1382420148a663,analysis=incremental_addition;station=VIE;horizon_days=14;reference_set=S0;comparison_set=S1,MAE_improvement_m,none; positive means adding/retaining station lowered validation MAE,0.005480892033387308,0.005480892033387308,0.005,exploratory E4 validation-only single-seed,Predictive ablation; not causal station importance.
figS1_station_contribution,A,incremental_addition,VIE_day_7,reproducibility/frozen_e0_e5/summaries/e4_station_contributions.csv,994f75a047aac43d63b4fb4a893dede7582623bb15c4fa879c1382420148a663,analysis=incremental_addition;station=VIE;horizon_days=7;reference_set=S0;comparison_set=S1,MAE_improvement_m,none; positive means adding/retaining station lowered validation MAE,-0.018893023146104193,-0.018893023146104193,-0.019,exploratory E4 validation-only single-seed,Predictive ablation; not causal station importance.
figS1_station_contribution,B,leave_one_out,CKH_day_14,reproducibility/frozen_e0_e5/summaries/e4_station_contributions.csv,994f75a047aac43d63b4fb4a893dede7582623bb15c4fa879c1382420148a663,analysis=leave_one_out;station=CKH;horizon_days=14;reference_set=S4;comparison_set=S4-CKH,MAE_improvement_m,none; positive means adding/retaining station lowered validation MAE,0.005695341326821257,0.005695341326821257,0.006,exploratory E4 validation-only single-seed,Predictive ablation; not causal station importance.
figS1_station_contribution,B,leave_one_out,CKH_day_7,reproducibility/frozen_e0_e5/summaries/e4_station_contributions.csv,994f75a047aac43d63b4fb4a893dede7582623bb15c4fa879c1382420148a663,analysis=leave_one_out;station=CKH;horizon_days=7;reference_set=S4;comparison_set=S4-CKH,MAE_improvement_m,none; positive means adding/retaining station lowered validation MAE,0.013812168191546959,0.013812168191546959,0.014,exploratory E4 validation-only single-seed,Predictive ablation; not causal station importance.
figS1_station_contribution,B,leave_one_out,CSA_day_14,reproducibility/frozen_e0_e5/summaries/e4_station_contributions.csv,994f75a047aac43d63b4fb4a893dede7582623bb15c4fa879c1382420148a663,analysis=leave_one_out;station=CSA;horizon_days=14;reference_set=S4;comparison_set=S4-CSA,MAE_improvement_m,none; positive means adding/retaining station lowered validation MAE,0.011336706226928284,0.011336706226928284,0.011,exploratory E4 validation-only single-seed,Predictive ablation; not causal station importance.
figS1_station_contribution,B,leave_one_out,CSA_day_7,reproducibility/frozen_e0_e5/summaries/e4_station_contributions.csv,994f75a047aac43d63b4fb4a893dede7582623bb15c4fa879c1382420148a663,analysis=leave_one_out;station=CSA;horizon_days=7;reference_set=S4;comparison_set=S4-CSA,MAE_improvement_m,none; positive means adding/retaining station lowered validation MAE,0.08175252987933734,0.08175252987933734,0.082,exploratory E4 validation-only single-seed,Predictive ablation; not causal station importance.
figS1_station_contribution,B,leave_one_out,LUA_day_14,reproducibility/frozen_e0_e5/summaries/e4_station_contributions.csv,994f75a047aac43d63b4fb4a893dede7582623bb15c4fa879c1382420148a663,analysis=leave_one_out;station=LUA;horizon_days=14;reference_set=S4;comparison_set=S4-LUA,MAE_improvement_m,none; positive means adding/retaining station lowered validation MAE,0.05351806050927188,0.05351806050927188,0.054,exploratory E4 validation-only single-seed,Predictive ablation; not causal station importance.
figS1_station_contribution,B,leave_one_out,LUA_day_7,reproducibility/frozen_e0_e5/summaries/e4_station_contributions.csv,994f75a047aac43d63b4fb4a893dede7582623bb15c4fa879c1382420148a663,analysis=leave_one_out;station=LUA;horizon_days=7;reference_set=S4;comparison_set=S4-LUA,MAE_improvement_m,none; positive means adding/retaining station lowered validation MAE,0.014845775803002614,0.014845775803002614,0.015,exploratory E4 validation-only single-seed,Predictive ablation; not causal station importance.
figS1_station_contribution,B,leave_one_out,VIE_day_14,reproducibility/frozen_e0_e5/summaries/e4_station_contributions.csv,994f75a047aac43d63b4fb4a893dede7582623bb15c4fa879c1382420148a663,analysis=leave_one_out;station=VIE;horizon_days=14;reference_set=S4;comparison_set=S4-VIE,MAE_improvement_m,none; positive means adding/retaining station lowered validation MAE,-0.009548207548387033,-0.009548207548387033,-0.010,exploratory E4 validation-only single-seed,Predictive ablation; not causal station importance.
figS1_station_contribution,B,leave_one_out,VIE_day_7,reproducibility/frozen_e0_e5/summaries/e4_station_contributions.csv,994f75a047aac43d63b4fb4a893dede7582623bb15c4fa879c1382420148a663,analysis=leave_one_out;station=VIE;horizon_days=7;reference_set=S4;comparison_set=S4-VIE,MAE_improvement_m,none; positive means adding/retaining station lowered validation MAE,-0.005995116299319925,-0.005995116299319925,-0.006,exploratory E4 validation-only single-seed,Predictive ablation; not causal station importance.
figS2_event_sensitivity,A,S0_day_14,POD,reproducibility/frozen_e0_e5/summaries/e5_high_water_event_metrics.csv,f56a4b4431d82755cf28ccde51617ce49be8109ccccf2d87eced3e3cdaa70817,threshold_name=train_q95;station_set=S0;horizon_days=14;metric=POD_recall,POD_recall,"arithmetic mean of finite cells only; undefined cells excluded, never replaced by zero",0.17142857142857143;0.20000000000000001;0.14285714285714285;0.17142857142857143;0.11428571428571428;0.26666666666666666;0.46666666666666667;0.43333333333333335;0.33333333333333331;0.43333333333333335;0;0;0;0;0,0.18222222222222223,mean=0.182;finite/total=15/25,exploratory E5 event sensitivity,train_q95 only; not flood-warning validation.
figS2_event_sensitivity,A,S0_day_7,POD,reproducibility/frozen_e0_e5/summaries/e5_high_water_event_metrics.csv,f56a4b4431d82755cf28ccde51617ce49be8109ccccf2d87eced3e3cdaa70817,threshold_name=train_q95;station_set=S0;horizon_days=7;metric=POD_recall,POD_recall,"arithmetic mean of finite cells only; undefined cells excluded, never replaced by zero",0.65714285714285714;0.62857142857142856;0.62857142857142856;0.62857142857142856;0.54285714285714282;0.5;0.59375;0.5625;0.5;0.5;0;0;0;0;0,0.38279761904761905,mean=0.383;finite/total=15/25,exploratory E5 event sensitivity,train_q95 only; not flood-warning validation.
figS2_event_sensitivity,A,S4_day_14,POD,reproducibility/frozen_e0_e5/summaries/e5_high_water_event_metrics.csv,f56a4b4431d82755cf28ccde51617ce49be8109ccccf2d87eced3e3cdaa70817,threshold_name=train_q95;station_set=S4;horizon_days=14;metric=POD_recall,POD_recall,"arithmetic mean of finite cells only; undefined cells excluded, never replaced by zero",0.20000000000000001;0.14285714285714285;0.22857142857142856;0.14285714285714285;0.20000000000000001;0.43333333333333335;0.29999999999999999;0.36666666666666664;0.33333333333333331;0.23333333333333334;0;0;0;0;0,0.17206349206349209,mean=0.172;finite/total=15/25,exploratory E5 event sensitivity,train_q95 only; not flood-warning validation.
figS2_event_sensitivity,A,S4_day_7,POD,reproducibility/frozen_e0_e5/summaries/e5_high_water_event_metrics.csv,f56a4b4431d82755cf28ccde51617ce49be8109ccccf2d87eced3e3cdaa70817,threshold_name=train_q95;station_set=S4;horizon_days=7;metric=POD_recall,POD_recall,"arithmetic mean of finite cells only; undefined cells excluded, never replaced by zero",0.59999999999999998;0.68571428571428572;0.7142857142857143;0.62857142857142856;0.68571428571428572;0.6875;0.59375;0.65625;0.59375;0.46875;0.5;0.35714285714285715;0.35714285714285715;0.5714285714285714;0.8571428571428571,0.5971428571428572,mean=0.597;finite/total=15/25,exploratory E5 event sensitivity,train_q95 only; not flood-warning validation.
figS2_event_sensitivity,B,S0_day_14,FAR,reproducibility/frozen_e0_e5/summaries/e5_high_water_event_metrics.csv,f56a4b4431d82755cf28ccde51617ce49be8109ccccf2d87eced3e3cdaa70817,threshold_name=train_q95;station_set=S0;horizon_days=14;metric=FAR,FAR,"arithmetic mean of finite cells only; undefined cells excluded, never replaced by zero",0.5714285714285714;0.5;0.58333333333333337;0.53846153846153844;0.5;0.57894736842105265;0.48148148148148145;0.47999999999999998;0.5;0.47999999999999998,0.5213652293125978,mean=0.521;finite/total=10/25,exploratory E5 event sensitivity,train_q95 only; not flood-warning validation.
figS2_event_sensitivity,B,S0_day_7,FAR,reproducibility/frozen_e0_e5/summaries/e5_high_water_event_metrics.csv,f56a4b4431d82755cf28ccde51617ce49be8109ccccf2d87eced3e3cdaa70817,threshold_name=train_q95;station_set=S0;horizon_days=7;metric=FAR,FAR,"arithmetic mean of finite cells only; undefined cells excluded, never replaced by zero",0.17857142857142858;0.18518518518518517;0.18518518518518517;0.18518518518518517;0.13636363636363635;0.44827586206896552;0.47222222222222221;0.4375;0.46666666666666667;0.46666666666666667;1,0.3783474580104674,mean=0.378;finite/total=11/25,exploratory E5 event sensitivity,train_q95 only; not flood-warning validation.
figS2_event_sensitivity,B,S4_day_14,FAR,reproducibility/frozen_e0_e5/summaries/e5_high_water_event_metrics.csv,f56a4b4431d82755cf28ccde51617ce49be8109ccccf2d87eced3e3cdaa70817,threshold_name=train_q95;station_set=S4;horizon_days=14;metric=FAR,FAR,"arithmetic mean of finite cells only; undefined cells excluded, never replaced by zero",0.36363636363636365;0.2857142857142857;0.52941176470588236;0.2857142857142857;0.41666666666666669;0.45833333333333331;0.5;0.47619047619047616;0.47368421052631576;0.53333333333333333;1,0.4838804290746312,mean=0.484;finite/total=11/25,exploratory E5 event sensitivity,train_q95 only; not flood-warning validation.
figS2_event_sensitivity,B,S4_day_7,FAR,reproducibility/frozen_e0_e5/summaries/e5_high_water_event_metrics.csv,f56a4b4431d82755cf28ccde51617ce49be8109ccccf2d87eced3e3cdaa70817,threshold_name=train_q95;station_set=S4;horizon_days=7;metric=FAR,FAR,"arithmetic mean of finite cells only; undefined cells excluded, never replaced by zero",0.16;0.17241379310344829;0.16666666666666666;0.12;0.17241379310344829;0.40540540540540543;0.32142857142857145;0.40000000000000002;0.34482758620689657;0.16666666666666666;0.66666666666666663;0.6875;0.6875;0.63636363636363635;0.5714285714285714,0.3786187571359985,mean=0.379;finite/total=15/25,exploratory E5 event sensitivity,train_q95 only; not flood-warning validation.
figS2_event_sensitivity,C,S0_day_14,CSI,reproducibility/frozen_e0_e5/summaries/e5_high_water_event_metrics.csv,f56a4b4431d82755cf28ccde51617ce49be8109ccccf2d87eced3e3cdaa70817,threshold_name=train_q95;station_set=S0;horizon_days=14;metric=CSI,CSI,"arithmetic mean of finite cells only; undefined cells excluded, never replaced by zero",0.13953488372093023;0.16666666666666666;0.11904761904761904;0.14285714285714285;0.10256410256410256;0.1951219512195122;0.32558139534883723;0.30952380952380953;0.25;0.30952380952380953;0;0;0;0;0,0.13736142536482865,mean=0.137;finite/total=15/25,exploratory E5 event sensitivity,train_q95 only; not flood-warning validation.
figS2_event_sensitivity,C,S0_day_7,CSI,reproducibility/frozen_e0_e5/summaries/e5_high_water_event_metrics.csv,f56a4b4431d82755cf28ccde51617ce49be8109ccccf2d87eced3e3cdaa70817,threshold_name=train_q95;station_set=S0;horizon_days=7;metric=CSI,CSI,"arithmetic mean of finite cells only; undefined cells excluded, never replaced by zero",0.57499999999999996;0.55000000000000004;0.55000000000000004;0.55000000000000004;0.5;0.35555555555555557;0.38775510204081631;0.39130434782608697;0.34782608695652173;0.34782608695652173;0;0;0;0;0,0.30368447862236686,mean=0.304;finite/total=15/25,exploratory E5 event sensitivity,train_q95 only; not flood-warning validation.
figS2_event_sensitivity,C,S4_day_14,CSI,reproducibility/frozen_e0_e5/summaries/e5_high_water_event_metrics.csv,f56a4b4431d82755cf28ccde51617ce49be8109ccccf2d87eced3e3cdaa70817,threshold_name=train_q95;station_set=S4;horizon_days=14;metric=CSI,CSI,"arithmetic mean of finite cells only; undefined cells excluded, never replaced by zero",0.17948717948717949;0.13513513513513514;0.18181818181818182;0.13513513513513514;0.17499999999999999;0.31707317073170732;0.23076923076923078;0.27500000000000002;0.25641025641025639;0.18421052631578946;0;0;0;0;0,0.13800258772017437,mean=0.138;finite/total=15/25,exploratory E5 event sensitivity,train_q95 only; not flood-warning validation.
figS2_event_sensitivity,C,S4_day_7,CSI,reproducibility/frozen_e0_e5/summaries/e5_high_water_event_metrics.csv,f56a4b4431d82755cf28ccde51617ce49be8109ccccf2d87eced3e3cdaa70817,threshold_name=train_q95;station_set=S4;horizon_days=7;metric=CSI,CSI,"arithmetic mean of finite cells only; undefined cells excluded, never replaced by zero",0.53846153846153844;0.59999999999999998;0.625;0.57894736842105265;0.59999999999999998;0.46808510638297873;0.46341463414634149;0.45652173913043476;0.45238095238095238;0.42857142857142855;0.25;0.20000000000000001;0.20000000000000001;0.2857142857142857;0.40000000000000002,0.43647313688060085,mean=0.436;finite/total=15/25,exploratory E5 event sensitivity,train_q95 only; not flood-warning validation.
figS2_event_sensitivity,D,S0_day_14,F1,reproducibility/frozen_e0_e5/summaries/e5_high_water_event_metrics.csv,f56a4b4431d82755cf28ccde51617ce49be8109ccccf2d87eced3e3cdaa70817,threshold_name=train_q95;station_set=S0;horizon_days=14;metric=F1,F1,"arithmetic mean of finite cells only; undefined cells excluded, never replaced by zero",0.24489795918367346;0.2857142857142857;0.21276595744680851;0.25;0.18604651162790697;0.32653061224489793;0.49122807017543857;0.47272727272727272;0.40000000000000002;0.47272727272727272;0;0;0;0;0,0.2228425294565038,mean=0.223;finite/total=15/25,exploratory E5 event sensitivity,train_q95 only; not flood-warning validation.
figS2_event_sensitivity,D,S0_day_7,F1,reproducibility/frozen_e0_e5/summaries/e5_high_water_event_metrics.csv,f56a4b4431d82755cf28ccde51617ce49be8109ccccf2d87eced3e3cdaa70817,threshold_name=train_q95;station_set=S0;horizon_days=7;metric=F1,F1,"arithmetic mean of finite cells only; undefined cells excluded, never replaced by zero",0.73015873015873012;0.70967741935483875;0.70967741935483875;0.70967741935483875;0.66666666666666663;0.52459016393442626;0.55882352941176472;0.5625;0.5161290322580645;0.5161290322580645;0;0;0;0;0,0.41360196085014883,mean=0.414;finite/total=15/25,exploratory E5 event sensitivity,train_q95 only; not flood-warning validation.
figS2_event_sensitivity,D,S4_day_14,F1,reproducibility/frozen_e0_e5/summaries/e5_high_water_event_metrics.csv,f56a4b4431d82755cf28ccde51617ce49be8109ccccf2d87eced3e3cdaa70817,threshold_name=train_q95;station_set=S4;horizon_days=14;metric=F1,F1,"arithmetic mean of finite cells only; undefined cells excluded, never replaced by zero",0.30434782608695654;0.23809523809523808;0.30769230769230771;0.23809523809523808;0.2978723404255319;0.48148148148148145;0.375;0.43137254901960786;0.40816326530612246;0.31111111111111112;0;0;0;0;0,0.22621542382090634,mean=0.226;finite/total=15/25,exploratory E5 event sensitivity,train_q95 only; not flood-warning validation.
figS2_event_sensitivity,D,S4_day_7,F1,reproducibility/frozen_e0_e5/summaries/e5_high_water_event_metrics.csv,f56a4b4431d82755cf28ccde51617ce49be8109ccccf2d87eced3e3cdaa70817,threshold_name=train_q95;station_set=S4;horizon_days=7;metric=F1,F1,"arithmetic mean of finite cells only; undefined cells excluded, never replaced by zero",0.69999999999999996;0.75;0.76923076923076927;0.73333333333333328;0.75;0.6376811594202898;0.6333333333333333;0.62686567164179108;0.62295081967213117;0.59999999999999998;0.40000000000000002;0.33333333333333331;0.33333333333333331;0.44444444444444442;0.5714285714285714,0.593728984611422,mean=0.594;finite/total=15/25,exploratory E5 event sensitivity,train_q95 only; not flood-warning validation.
