date_gmt,2006,2007,2008,2009,2010,2011,2012,2013,2014,2015,2016,2017,2018,2019,2020,2021,2022,2023,2024,2025
1/1/2025,2.12,2.3,2.68,2,2.42,2.2,2.62,3.26,0,2.14,3.06,0,3.45,2.61,2.82,1.79,2.47,2.07,2.72,2.37
2/1/2025,2.21,2.22,2.64,2.01,2.45,2.21,2.62,3.28,0,2.1,2.9,0,3.55,2.7,2.86,1.77,2.49,2.11,2.4,2.35
3/1/2025,2.05,2.21,2.67,2,2.45,2.08,2.6,3.09,0,2.07,3.09,0,3.32,2.85,2.44,1.78,2.48,1.83,2.07,2.43
4/1/2025,2.07,2.2,2.88,2,2.46,1.91,2.5,2.97,0,2.06,3.19,0,3.23,2.89,1.94,1.78,2.46,1.72,1.99,2.36
5/1/2025,1.93,1.94,2.9,2,2.35,1.94,2.62,3.19,0,2.17,3.38,0,3.19,2.47,1.87,1.79,2.44,1.7,2.08,2.36
6/1/2025,2.1,1.91,2.88,1.99,2.23,1.96,2.76,3.33,0,2.11,3.44,0,3.36,1.73,1.89,1.87,2.45,1.71,2.28,2.47
7/1/2025,2.16,2.02,3,1.98,2.34,1.96,2.64,3.25,0,2.1,3.48,3.76,3.69,1.9,1.92,1.79,2.44,1.68,2.68,2.68
8/1/2025,2.07,1.92,2.91,1.99,2.35,1.94,2.63,3.21,0,2.07,3.25,3.66,3.67,2.02,1.92,1.77,2.51,1.66,2.9,2.77
9/1/2025,2.18,1.87,2.84,2.1,2.25,1.91,2.59,3.22,0,2.02,2.66,3.62,4.44,2,1.87,1.76,2.57,1.65,2.87,2.87
10/1/2025,2.02,1.89,2.82,2.06,2.23,2.37,2.7,3.41,0,1.93,2.26,3.52,5.18,1.97,1.89,1.75,2.52,1.64,2.66,3.24
11/1/2025,1.86,1.88,2.76,2.02,2.24,2.89,2.76,3.55,0,1.97,2.27,3.42,5.24,1.96,2.07,1.74,2.46,1.63,2.27,3.07
12/1/2025,1.91,2.05,2.78,1.94,2.32,2.93,2.82,3.44,0,2,2.31,3.38,4.48,1.96,2.26,1.74,2.4,1.61,2.22,2.71
13/1/2025,1.94,2.02,2.67,2.39,2.5,2.92,2.82,3.25,0,2.04,2.35,3.37,3.92,1.78,2.24,1.74,2.44,1.6,2.32,2.44
14/1/2025,1.88,1.88,2.62,2.38,2.95,2.92,2.77,3.17,0,2.04,2.32,3.39,3.56,1.71,2.22,1.71,2.42,1.59,2.4,2.27
15/1/2025,1.83,1.84,2.65,2.44,2.74,2.99,2.52,3.21,0,2.01,2.32,3.39,3.28,1.69,2.37,1.71,2.27,1.57,2.11,2.21
16/1/2025,2.05,2.14,2.62,2.24,2.47,2.63,2.38,3.25,0,2.03,2.12,3.32,3.06,1.96,2.35,1.76,2.31,1.82,2.04,2.17
17/1/2025,2.09,2.02,2.69,2.36,2.49,2.05,2.3,3.27,0,2.02,2.09,3.32,2.92,1.91,2.64,1.95,2.45,1.77,2.2,2.17
18/1/2025,1.77,2.1,2.62,2.7,2.55,2.04,2.28,3.25,0,2.13,2.09,3.32,2.73,2.13,2.4,2.35,2.36,1.8,2.33,2.17
19/1/2025,1.85,2,2.54,2.49,2.46,1.9,2.27,3.24,0,2.25,2.07,3.3,2.66,1.95,2.19,1.95,2.25,1.91,2.29,2.16
20/1/2025,2.07,2.11,2.29,2.65,2.43,1.87,2.27,3.27,0,2.49,2.45,3.2,2.68,1.9,2.18,2.36,2.36,1.8,2.13,2.14
21/1/2025,2.15,1.92,2.46,2.64,2.41,1.85,2.22,3.27,0,3.04,2.61,3.28,2.61,1.88,2.1,2.38,2.13,1.75,2.14,2.14
22/1/2025,2.04,1.86,2.37,2.41,2.39,2.07,2.2,3.26,0,3.17,2.65,3.26,2.56,1.86,2.05,2.4,1.81,1.71,2.43,2.11
23/1/2025,2.04,1.83,2.3,2.28,2.3,2.11,2.18,3.27,0,3.02,2.65,3.25,2.55,2.02,2.04,2.41,1.74,1.88,2.55,2.11
24/1/2025,2.03,2.03,2.3,2.53,2.21,2.03,2.32,3.2,0,3.04,2.8,3.2,2.54,1.76,2.02,2.17,1.72,2.06,2.55,2.07
25/1/2025,1.86,2.14,2.35,2.28,2.22,1.79,2.4,3.05,0,3.26,3.27,3.16,2.52,1.6,1.87,1.89,1.72,2.31,2.33,2.12
26/1/2025,1.92,2.25,2.42,2.2,2.21,1.77,2.43,3.02,0,3.5,2.41,3.1,2.5,1.78,1.82,1.77,1.71,2.23,2.17,2.24
27/1/2025,1.71,2.2,2.38,2.06,2.29,1.79,2.52,3.1,0,3.74,1.99,3.05,2.48,1.87,2.06,1.75,1.7,2.18,1.99,2.35
28/1/2025,1.63,2.24,2.36,2.02,2.4,1.74,2.47,3.06,0,3.44,1.95,3.03,2.75,1.89,2.15,1.8,1.71,2.32,2,2.11
29/1/2025,1.58,2.18,2.3,2,2.19,1.73,2.48,3.04,0,2.88,2,2.79,2.86,1.89,2.14,1.78,1.72,2.21,2,1.98
30/1/2025,1.57,2.08,2.24,2.06,2.07,1.76,2.49,2.82,0,2.8,2.01,2.78,2.86,1.89,2.15,1.76,1.75,1.92,2.34,1.89
31/1/2025,1.53,2.24,2.27,2.08,2.05,1.72,2.48,2.49,0,2.79,2.31,2.74,2.89,1.85,2.15,1.74,1.76,1.68,2.15,1.9
1/2/2025,1.51,2.1,2.34,2.04,2.07,1.72,2.63,2.4,2.34,2.63,2.06,2.73,3.06,0,1.93,1.73,2,1.63,1.91,2.01
2/2/2025,1.52,2.38,2.31,2.05,2.09,1.76,2.66,2.4,2.28,2.36,2.06,2.76,3.31,1.83,1.94,1.7,1.95,1.61,1.89,2.08
3/2/2025,1.53,2.39,2.3,1.98,2.09,1.76,2.66,2.38,2.08,2.01,2,2.9,3.24,1.87,1.83,1.68,1.79,1.59,0,2.01
4/2/2025,1.85,2.2,2.23,1.82,2.05,1.71,2.6,2.39,2.11,1.95,2.08,2.9,2.87,1.86,1.76,1.64,1.68,1.72,2.1,1.88
5/2/2025,2.17,2.13,2.27,1.71,2.02,1.7,2.61,2.4,2.08,1.94,2.08,2.9,2.5,1.84,1.76,1.66,1.66,1.71,2.36,1.88
6/2/2025,1.99,2.19,2.28,1.58,2.01,1.69,2.61,2.41,2.06,1.9,2.35,2.92,2.34,1.85,1.76,1.63,1.65,1.62,2.68,1.87
7/2/2025,2.08,2.07,2.21,1.55,2.03,1.68,2.52,2.38,2.03,1.91,2.57,2.9,2.33,1.85,1.74,1.76,1.8,1.6,2.78,1.84
8/2/2025,1.82,2.07,2.14,1.53,2.02,1.66,2.44,2.38,1.98,1.9,2.59,2.8,2.31,1.85,1.78,1.82,1.92,1.53,2.6,1.84
9/2/2025,1.8,1.87,2.13,1.51,2.01,1.65,2.41,2.36,1.99,1.88,2.62,2.75,2.3,1.85,2.11,1.79,1.95,1.54,1.99,1.78
10/2/2025,1.8,1.84,2.09,1.21,2.03,1.65,2.32,2.36,2.33,1.88,2.63,2.7,2.29,1.81,2.5,1.71,1.96,1.52,1.8,1.75
11/2/2025,1.95,1.84,2.14,1.08,2.02,1.64,2.22,2.36,2.48,1.88,2.71,2.66,2.3,1.84,2.5,1.7,2.09,1.51,1.78,1.73
12/2/2025,1.97,1.75,2.12,1.18,2.03,1.63,2.21,2.33,2.5,1.84,3.03,2.6,2.29,1.88,2.19,1.66,2.18,1.52,1.78,1.92
13/2/2025,1.7,1.68,2.1,1.15,2.01,1.64,2.21,2.57,2.35,1.85,3.29,2.5,2.41,1.87,1.98,1.64,2.2,1.56,1.77,2
14/2/2025,1.73,1.68,2.12,1.09,1.91,1.64,2.21,2.73,2.07,1.85,3.34,2.39,2.64,1.85,1.92,1.62,2.18,1.54,0,2
15/2/2025,2,1.71,2.06,1.07,1.92,1.64,2.24,2.98,1.96,1.84,3.23,2.16,3.03,1.85,1.88,0,2.14,1.53,0,1.96
16/2/2025,1.63,1.87,2.07,1.07,1.93,1.62,2.28,3.2,1.94,1.85,3.17,2.08,3.51,1.86,1.89,1.59,2.13,1.53,0,2.14
17/2/2025,1.68,1.93,2.14,1.06,1.96,1.62,2.24,3.26,1.98,1.82,3.71,2.05,3.79,1.86,1.84,1.58,2.04,1.52,0,2.24
18/2/2025,1.9,2,2.13,1.05,1.93,1.62,2.22,3.15,1.98,1.84,3.7,2.06,3.83,1.83,1.83,1.58,1.96,1.5,1.73,2.25
19/2/2025,1.87,2.03,2.25,1.02,1.87,1.62,2.2,3.13,1.95,1.82,3.75,2.05,3.77,1.81,1.88,1.59,1.81,1.5,1.73,2.21
20/2/2025,2.18,1.93,2.09,0.98,1.86,1.61,2.32,3.16,1.94,1.83,3.74,2.02,3.78,1.83,1.97,1.64,1.86,1.5,1.72,2.22
21/2/2025,1.73,2.1,2.03,0.98,1.87,1.62,2.4,3.19,1.92,1.82,3.37,2.04,3.8,1.83,2.04,1.78,2.06,1.5,1.72,2.22
22/2/2025,1.7,2.04,2.06,0.98,1.86,1.61,2.38,3.2,1.92,1.82,2.92,2.02,3.82,1.82,1.96,2.1,2.18,1.49,1.72,2.21
23/2/2025,1.73,1.93,1.99,1.03,1.88,1.62,2.38,3.24,1.93,2.29,3.07,2.02,3.82,1.82,2.13,2.25,2.27,1.48,1.76,2.2
24/2/2025,1.56,1.98,1.94,1.01,2.01,1.61,2.38,3.37,1.92,2.46,3.54,2.35,3.78,1.83,2.21,2.28,2.35,1.47,2.21,2.19
25/2/2025,1.25,1.77,1.93,1,2.02,1.62,2.38,3.57,1.91,2.53,3.75,2.42,3.76,1.84,2.19,2.27,2.37,1.46,2.69,2.19
26/2/2025,1.32,1.77,1.87,1.02,2.01,1.61,2.37,3.42,1.91,2.62,3.74,2.68,3.77,1.84,2.19,2.23,2.47,1.45,3,2.19
27/2/2025,1.37,1.62,1.89,1.06,2.07,1.59,2.36,3.47,1.9,2.61,3.75,2.8,3.81,1.84,2.18,2.24,2.42,0,3.07,2.19
28/2/2025,1.31,1.53,1.9,1.17,2.1,1.58,2.35,3.57,1.87,2.63,3.75,2.82,3.79,1.84,2.17,2.08,2.34,2.11,3.06,2.18
1/3/2025,1.32,1.96,1.82,1.12,2.09,1.58,2.34,3.6,1.87,2.02,3.75,2.74,3.72,1.84,2.15,1.86,2.3,2.03,3,2.16
2/3/2025,1.49,1.92,1.8,1.17,2.1,1.58,2.34,3.61,1.85,1.95,3.73,2.66,3.58,1.84,2.08,1.84,1.94,2.04,3,2.15
3/3/2025,1.62,1.79,1.78,1.18,2.1,1.57,2.33,3.55,1.84,1.94,3.74,2.65,3.52,1.83,2.05,2.18,1.62,2.05,3.17,2.16
4/3/2025,1.52,1.77,1.77,1.26,2.12,1.57,2.4,3.49,2.2,1.94,3.74,2.6,3.49,1.83,2.19,2.4,1.61,1.6,3.02,2.16
5/3/2025,1.46,1.88,1.82,1.27,2.12,1.57,2.48,3.46,2.87,1.94,3.6,2.56,3.52,1.82,2.21,2.62,1.58,1.48,0,2.07
6/3/2025,1.35,1.79,1.78,1.39,2.2,1.63,2.46,3.62,3.4,1.92,3.19,2.3,3.56,1.85,2.2,2.77,1.65,1.47,3.01,2.1
7/3/2025,1.43,1.96,1.83,1.47,2.16,1.89,2.46,3.67,3.52,1.91,2.96,2.26,3.65,1.81,2.21,2.91,1.66,1.48,2.89,2.12
8/3/2025,1.3,2.09,1.84,1.45,2.13,1.58,2.43,3.67,3.81,2.09,3.13,1.9,3.75,1.79,2.24,3.05,1.66,1.5,2.87,2.21
9/3/2025,1.48,2.09,1.79,1.45,2.17,1.55,2.49,3.65,3.56,2.23,3.53,1.97,3.79,1.79,2.29,3.09,1.92,1.56,3.01,2.22
10/3/2025,1.31,1.94,1.87,1.43,2.17,1.54,2.49,3.61,3.52,2.22,3.64,1.95,3.78,1.8,2.19,3.18,2.08,1.56,2.92,2.24
11/3/2025,1.45,1.87,1.82,1.43,2.18,1.55,2.51,3.5,3.48,2.22,3.65,1.95,3.78,1.79,2.15,3.24,2.19,1.54,2.83,2.24
12/3/2025,1.49,1.87,1.92,1.68,2.14,1.55,2.47,3.5,3.22,2.49,3.5,2.01,3.78,1.78,2.18,3.24,2.07,1.57,2.87,2.23
13/3/2025,1.46,1.82,1.78,1.78,2.16,1.56,2.42,3.48,3.32,3.03,3.42,2.05,3.78,1.86,2.21,3.44,1.77,1.6,2.99,2.2
14/3/2025,1.39,1.66,1.8,1.52,2.14,1.68,2.37,3.41,3.28,3.26,3.41,2.04,3.75,1.93,2.19,3.41,1.63,1.52,2.98,2.16
15/3/2025,1.29,1.75,1.8,1.63,2.08,1.55,2.35,3.4,3.29,3.28,3.34,2.01,3.75,1.93,2.31,3.55,1.76,1.46,3,2.15
16/3/2025,1.25,1.67,1.74,1.59,2.15,1.54,2.42,3.43,3.37,3.29,3.43,1.98,3.75,2.01,2.47,3.65,1.82,1.45,2.97,2.14
17/3/2025,1.24,1.8,1.67,1.58,2.29,1.53,2.4,3.43,3.29,3.29,3.5,2.06,3.77,2.04,2.25,3.72,1.84,1.44,3.1,2.19
18/3/2025,1.48,1.81,1.74,1.52,2.45,1.52,2.15,3.43,3.27,3.28,3.49,2.52,3.78,1.98,2.13,3.69,1.93,1.44,3.2,2.21
19/3/2025,1.45,1.66,1.82,1.47,2.57,1.51,2.06,3.44,3.34,3.3,3.5,2.66,3.77,1.97,1.88,3.61,1.97,0,3.29,2.2
20/3/2025,1.66,1.69,1.79,1.57,2.64,1.5,2.03,3.36,3.41,3.34,3.48,2.76,3.78,2,1.85,3.49,2.05,1.47,3.16,2.18
21/3/2025,1.47,1.75,1.77,1.63,2.57,1.5,1.86,3.39,3.57,3.28,3.49,2.92,3.75,2.03,2.15,3.29,2.18,1.44,3.05,2.15
22/3/2025,1.42,1.72,1.79,1.51,2.38,1.51,1.53,3.15,3.7,3.24,3.54,2.98,3.73,2.07,2.48,2.95,2.27,1.43,3,2.13
23/3/2025,1.47,1.76,1.82,1.26,2.3,1.52,1.48,2.96,3.77,3.23,3.57,2.98,3.72,1.98,2.45,2.58,2.28,1.45,2.88,2.16
24/3/2025,1.46,1.64,1.8,1.43,2.27,1.52,1.47,2.93,3.29,3.29,3.44,2.98,3.73,2.08,2.47,2.78,2.23,1.47,2.6,2.14
25/3/2025,1.48,1.82,1.8,1.44,2.25,1.52,1.45,3.11,3.64,3.3,3.21,3.07,3.74,2.14,2.51,3.14,2.18,1.48,2.45,2.13
26/3/2025,1.26,2.11,1.7,1.39,2.24,1.51,1.44,3.15,3.5,3.21,3.13,2.9,3.71,2.2,2.61,3.17,2.23,1.95,2.64,2.09
27/3/2025,1.24,1.92,1.85,1.29,2.34,1.52,1.42,3.14,3.77,3.2,3.39,2.42,3.73,2.26,2.71,2.97,1.77,1.5,2.81,2.11
28/3/2025,1.29,2.02,1.97,0.96,2.32,1.53,1.41,3.14,3.29,3.23,3.63,2.38,3.78,2.35,2.73,2.86,1.62,1.51,3,2.13
29/3/2025,1.28,1.96,2.08,1.31,2.35,1.55,1.42,3.13,2.8,3.21,3.75,2.8,3.98,2.71,2.66,2.84,1.56,1.41,3.18,2.24
30/3/2025,1.27,1.86,1.85,1.47,2.47,1.53,1.42,3.17,2.94,3.2,3.65,3.25,4.22,2.86,2.65,2.96,1.55,1.58,2.95,2.32
31/3/2025,1.16,1.86,1.8,1.58,2.51,1.53,1.4,3.25,3.07,3.22,3.55,3.55,4.22,2.8,2.64,2.87,1.52,1.62,2.85,2.31
1/4/2025,1.25,1.89,1.8,1.66,2.33,1.52,1.39,3.2,3.3,3.23,3.55,3.75,4.07,2.61,2.73,2.82,1.5,1.55,2.76,2.19
2/4/2025,1.24,1.72,1.98,1.6,2.36,1.49,1.4,3.2,3.64,3.41,3.55,3.82,4.01,2.49,2.85,2.81,1.49,1.53,2.83,2.26
3/4/2025,1.18,1.72,2.13,1.76,2.3,1.73,1.8,3.2,3.71,3.34,3.64,3.75,4.16,2.24,2.94,2.57,1.47,1.95,3.17,2.33
4/4/2025,1.14,1.98,2.11,1.91,2.36,1.56,1.9,3.3,3.71,3.24,3.58,3.86,4.2,2.62,2.73,2.4,1.47,1.7,3.21,2.34
5/4/2025,1.14,2.08,2.02,1.88,2.25,1.64,1.88,3.29,3.74,3.3,3.28,3.86,4.09,2.49,2.73,2.5,1.46,1.4,3.23,2.28
6/4/2025,1.26,1.96,1.94,1.91,2.38,1.59,1.84,3.27,3.64,3.25,2.86,3.78,4.04,2.21,2.73,2.5,1.45,1.47,3,2.25
7/4/2025,1.66,1.9,1.97,1.87,2.48,1.59,1.82,3.34,3.24,3.22,2.72,3.82,3.98,1.95,2.61,2.39,1.44,1.57,2.87,2.21
8/4/2025,1.7,1.67,2.22,1.84,2.24,1.61,1.94,3.44,3.4,3.19,3.34,3.88,3.8,1.92,2.66,2.79,1.43,1.55,2.96,2.18
9/4/2025,2.17,1.56,2.41,1.85,2.32,1.61,2.1,3.32,3.26,3.18,3.61,3.68,3.74,2.1,2.88,3.16,1.42,1.54,2.79,2.1
10/4/2025,1.88,1.42,2.49,1.93,2.25,1.62,2.4,3.22,3.23,3.16,3.65,3.65,3.85,2.14,3.06,2.88,1.62,1.76,2.32,2.15
11/4/2025,1.66,1.46,2.3,1.96,2.08,1.62,3.1,3.16,3.6,3.16,3.65,3.16,3.84,2.25,3.28,2.54,1.72,1.82,2.17,2.08
12/4/2025,1.63,1.38,2.3,1.98,2.01,1.62,3,3.13,3.63,3.22,2.58,2.58,3.49,2.44,3.34,2.38,1.7,1.84,2.19,2.09
13/4/2025,2.02,1.51,2.38,1.97,2.05,1.63,2.75,3.13,3.43,2.82,2.22,2.38,2.89,2.34,3.14,2.45,1.7,1.82,2.21,2.01
14/4/2025,2.32,1.68,2.32,2,2.1,1.59,2.3,2.82,2.81,2.22,2.22,2.37,2.73,2.39,3.08,2.71,1.69,1.82,2.31,1.85
15/4/2025,2.36,1.87,2.26,1.96,2.07,1.57,2.24,2.5,2.31,2.16,2.29,2.38,2.57,2.36,3.08,2.57,1.71,1.8,2.38,1.84
16/4/2025,2.38,2.01,2.19,1.75,2.02,1.54,2.24,2.45,2.26,2.15,2.28,2.35,2.65,2.31,3.06,2.32,1.7,1.79,2.33,1.83
17/4/2025,2.33,2.12,2.04,1.72,1.98,1.52,2.26,2.52,2.26,2.12,2.24,2.34,2.72,2.26,3.11,1.9,1.7,1.81,2.25,1.87
18/4/2025,2.14,2.13,2.04,1.7,2.03,1.5,2.48,3.1,2.3,2,2.21,2.38,2.65,2.19,3.22,1.7,1.7,1.81,2.21,1.89
19/4/2025,1.92,2.03,2.07,1.83,2.14,1.48,2.5,3.19,2.84,2.11,2.36,2.78,2.85,2.25,3.38,1.8,1.5,1.58,2.2,1.94
20/4/2025,2.05,2.06,2.02,1.95,2.07,1.46,2.42,3.14,3.49,2.12,2.8,3.5,3.49,2.33,3.4,1.98,1.42,1.44,2.23,2.06
21/4/2025,2.01,1.83,2.03,2.05,2.08,1.44,2.38,3.12,3.39,2.13,3.65,3.78,3.95,2.12,3.48,2.6,1.36,1.44,2.47,2.27
22/4/2025,2.25,1.58,2.17,2.05,2.09,1.43,2.36,3.13,3.39,2.13,3.69,3.78,4.19,2.06,3.26,3.23,1.34,1.41,2.55,2.35
23/4/2025,2.08,1.37,2.57,2.03,2.24,1.41,2.48,3.13,3.38,2.36,3.66,3.78,4.2,2.05,3.17,3.5,1.34,1.42,2.63,2.35
24/4/2025,2.04,1.6,2.65,2.03,2.29,1.43,2.58,3.12,3.38,2.51,3.66,3.78,4.16,2.13,3.11,3.64,1.34,1.74,2.59,2.38
25/4/2025,1.98,1.91,2.6,2.03,2.51,1.43,2.59,3.03,3.42,2.62,3.71,3.74,4.06,2.06,3.09,3.68,1.34,2.19,2.6,2.36
26/4/2025,1.96,1.9,2.22,2.14,2.57,1.42,2.59,3.1,3.46,2.55,3.7,3.75,3.92,2.25,3.12,3.65,1.83,2.28,2.48,2.32
27/4/2025,1.96,1.87,2.24,2.19,2.75,1.42,2.58,3.1,3.53,2.6,3.54,3.75,3.82,2.34,3.27,3.67,1.98,2.17,2.4,2.26
28/4/2025,2.07,1.86,2.07,2.3,2.75,1.41,2.58,3,3.57,2.6,3.49,3.77,4.07,2.32,3.31,3.68,1.97,1.75,2.31,2.35
29/4/2025,2.52,1.9,2.22,2.43,2.63,1.41,2.56,3.09,3.67,2.56,3.54,3.79,4.14,2.34,3.2,3.65,1.95,1.5,2.22,2.35
30/4/2025,2.81,1.93,2.17,2.24,2.64,1.4,2.56,3.19,3.61,2.57,3.1,3.82,4.06,2.46,3.36,3.74,1.99,1.49,2.27,2.28
1/5/2025,2.23,1.93,2.3,2.03,2.56,1.42,2.55,3.04,3.55,2.58,2.61,3.79,3.99,2.73,3.46,3.87,1.63,1.39,2.36,2.25
2/5/2025,1.89,1.87,2.56,2.04,2.55,1.4,2.54,2.7,2.83,2.53,2.39,3.77,3.96,2.61,3.46,3.7,1.67,1.36,2.34,2.2
3/5/2025,1.65,1.83,2.85,2.08,2.43,1.39,2.53,2.64,2.3,2.54,2.02,3.76,3.6,2.33,3.35,3.39,1.64,1.48,2.25,2.14
4/5/2025,1.63,1.9,2.74,2.03,2.46,1.38,2.54,2.84,2.15,2.56,2.27,3.9,3.34,2.13,3.37,3.14,1.57,1.43,2.29,2.22
5/5/2025,1.98,2.26,2.64,2.02,2.72,1.35,2.5,3.03,2.17,2.58,3.4,4,3.18,0,3.4,2.55,1.57,1.47,2.33,2.22
6/5/2025,2.21,2.7,2.52,2,2.83,1.4,2.8,3.18,2.22,2.55,3.62,3.96,3.27,2.06,3.35,2.75,1.52,1.54,2.31,2.23
7/5/2025,1.97,2.86,2.67,1.98,2.82,2.14,2.77,3.15,2.44,2.51,3.64,4.13,3.38,2.03,3.4,3.27,1.48,1.54,2.24,2.24
8/5/2025,1.86,3.2,2.44,1.98,3.22,2.73,2.66,2.97,2.44,2.48,3.64,3.95,3.56,2.05,3.48,3.46,1.42,1.55,2.19,2.17
9/5/2025,1.87,3.19,2.23,1.96,3.34,2.87,2.7,2.93,2.44,2.47,3.66,3.88,3.73,2.08,3.48,3.3,1.41,1.51,2.1,2.16
10/5/2025,1.83,2.52,2.13,2,3.24,2.92,2.68,2.87,2.75,2.5,3.65,3.82,3.89,2.02,3.41,3.18,1.71,1.48,2.07,2.2
11/5/2025,2.12,2.21,2.31,2.04,3.32,2.9,2.67,3.11,2.47,2.48,3.65,3.79,3.88,2.02,3.42,3.25,2.03,1.53,2.27,2.21
12/5/2025,2.28,2.98,2.2,2.04,3.27,2.86,2.63,3.31,2.37,2.52,3.66,3.8,3.87,2.29,3.5,3.57,2.15,1.51,2.26,2.22
13/5/2025,2.37,2.86,2.23,2.06,3.25,1.96,2.53,3.31,2.43,2.66,3.69,3.79,3.87,2.2,3.48,4.03,2.2,1.51,2.14,2.31
14/5/2025,2.37,2.46,2.57,2.06,3.07,1.59,2.53,3.21,2.42,2.63,3.69,3.76,3.75,2.2,3.54,4.16,2.24,1.48,2.16,2.37
15/5/2025,2.41,2.87,2.82,2,2.96,1.54,2.58,3.02,2.45,2.48,3.65,3.77,3.72,1.92,3.72,3.99,2.32,1.48,2.2,2.23
16/5/2025,2.51,2.63,2.71,2.01,3.02,1.49,2.57,3.32,2.51,2.48,3.82,3.8,3.88,1.94,3.93,3.82,2.29,1.52,2.32,2.36
17/5/2025,2.68,2.92,3.34,2.1,3.16,1.45,2.64,3.58,2.54,2.51,3.9,3.76,3.91,1.87,3.78,3.62,2.16,1.48,2.28,2.52
18/5/2025,2.99,2.75,3.31,2.15,3.19,1.42,2.64,3.72,2.41,2.54,4.1,3.82,4.07,1.9,3.66,3.3,1.92,1.45,2.3,2.32
19/5/2025,3.5,2.88,3.11,2.1,3.22,1.44,2.63,3.71,2.56,2.6,4.22,3.82,4.12,2.06,3.79,3.12,1.8,1.48,2.35,2.39
20/5/2025,4.34,3.12,3.13,2.02,3.09,1.5,2.56,3.72,2.76,2.69,4.15,3.79,4.13,2.11,3.88,3.21,1.82,1.46,2.39,2.78
21/5/2025,4.95,3.54,2.74,1.97,3.05,1.49,2.56,3.79,2.74,2.72,4.01,3.78,4.2,2.19,3.81,3.3,1.74,0,2.53,3.11
22/5/2025,4.47,3.59,2.47,1.97,2.94,1.54,2.52,3.78,2.83,2.72,3.9,3.34,4.15,2.06,3.68,3.54,2.26,0,2.66,3.1
23/5/2025,4.17,3.16,2.37,2.14,2.97,1.5,2.57,3.81,2.93,2.64,3.78,3.54,4.13,2.14,3.33,3.97,2.3,0,2.53,3.02
24/5/2025,3.87,3.16,2.43,2.3,2.87,1.44,2.96,3.83,2.91,2.64,3.55,3.62,4.13,2.25,3.13,4.75,2.33,0,2.51,2.85
25/5/2025,3.94,3.43,2.33,2.39,2.74,1.51,3.1,3.84,2.84,2.62,3.54,3.68,4.12,1.99,3.58,4.54,2.36,0,2.88,2.72
26/5/2025,3.46,3.05,2.29,2.41,2.82,1.55,3.06,3.83,2.69,2.76,3.65,3.85,4.11,1.77,3.84,4.02,2.19,0,2.72,2.29
27/5/2025,3.19,2.63,2.29,2.59,2.85,1.76,2.89,3.62,2.54,2.96,3.77,3.86,4.1,1.76,3.71,3.58,2.04,0,2.7,2.19
28/5/2025,3,2.33,2.25,2.88,3.03,1.85,2.53,3.7,2.32,2.93,3.8,3.86,4.15,1.74,3.59,3.37,2.07,0,2.69,2.17
29/5/2025,2.84,2.25,2.21,3.02,3.35,1.8,2.5,3.71,2.02,2.81,3.77,3.87,4.15,1.85,3.54,3.21,1.82,0,2.58,2.44
30/5/2025,2.97,2.47,1.96,2.96,3.43,1.8,2.71,3.55,2.12,2.8,3.22,4.04,4.11,2.15,3.49,3.17,1.71,0,2.38,2.66
31/5/2025,3.13,2.95,2.41,2.55,3.61,1.79,2.32,3.45,2.78,2.81,2.5,3.85,4.15,2.36,3.1,3.08,1.84,0,2.42,2.92
1/6/2025,3.01,3.02,3.14,2.34,2.86,3.65,2.14,2.12,0,3.66,2.92,2.27,3.46,4.32,2.27,2.99,3.23,2,1.61,2.8
2/6/2025,3.15,2.98,3.45,3.33,2.88,3.56,2.54,2.11,0,3.5,3.05,2.01,3.22,4.33,2.17,3.08,3.85,1.99,1.71,2.84
3/6/2025,3.01,2.87,3.66,3.32,3,3.33,2.42,2.26,0,3.42,2.8,2,3.56,4.25,2.15,3.01,4.28,2.18,1.86,2.84
4/6/2025,3.54,2.82,3.5,3.77,3.1,3.64,2.55,2.46,0,3.61,2.3,2.14,3.92,4.23,2.1,2.98,4.54,2.32,1.89,2.93
5/6/2025,4.33,2.86,3.47,3.76,3.15,3.65,2.34,2.63,0,3.63,2.14,2.78,3.87,4.2,2.16,2.93,3.5,2.35,1.91,3.06
6/6/2025,3.71,2.76,3.77,3.71,3.12,3.56,2.12,3,0,4.19,2.2,2.8,3.86,4.18,2.26,2.97,3.53,2.44,1.93,3.08
7/6/2025,3.63,2.73,3.56,3.93,3.05,3.63,1.94,2.96,0,4.26,2.2,2.61,3.98,4.2,2.69,2.83,3.49,2.33,2.3,3.08
8/6/2025,4.26,2.83,3.4,3.89,3,3.5,1.81,2.94,0,4.24,2.61,3.54,3.71,4.16,2.81,2.85,3.73,2.83,3.07,3.09
9/6/2025,4.42,2.69,3.88,3.74,2.88,3.53,1.75,2.92,0,4.17,2.67,3.61,3.3,3.96,2.42,3.14,4.31,2.91,3.22,3.06
10/6/2025,3.92,2.67,3.96,3.6,2.8,3.6,1.83,2.76,0,3.97,2.82,3.5,2.95,3.89,2.01,3.54,4.71,2.58,3.16,3.1
11/6/2025,3.74,2.56,3.63,3.74,2.72,3.18,1.92,2.8,0,4.3,2.64,3.49,2.7,3.75,2.31,3.56,4.68,2.35,3.24,3.21
12/6/2025,3.74,2.41,3.72,3.5,2.57,3,2.06,3.02,0,4.25,2.25,3.64,3.27,3.61,2.44,3.47,4.51,2.33,3.22,3.22
13/6/2025,3.63,2.52,3.72,3.52,2.51,3.46,1.96,2.93,0,4.04,2.22,3.78,3.06,3.26,2.36,3.69,4.1,2.3,3.22,3.24
14/6/2025,3.73,2.8,4.33,3.45,2.48,3.71,1.84,2.62,0,3.87,2.23,3.76,2.9,3.07,2.45,4,3.65,2.45,2.88,3.27
15/6/2025,3.78,3.18,4.11,3.47,2.46,3.93,1.82,2.22,0,3.99,2.3,3.5,2.76,3.11,2.7,4.59,3.56,2.65,2.5,3.3
16/6/2025,3.64,3.56,4.13,3.24,2.59,3.88,1.82,2.23,0,4.1,2.4,3.17,2.62,3.19,2.9,4.52,3.54,2.62,2.91,3.35
17/6/2025,3.64,3.64,4.22,3.07,2.78,3.82,2.23,2.54,0,3.87,2.66,2.88,2.57,3.24,3,4.35,3.79,2.7,3.27,3.42
18/6/2025,3.81,3.32,3.89,2.84,2.8,3.8,2.5,2.46,0,3.74,2.61,3.22,2.77,3.27,3.03,4.21,3.95,2.71,3.43,3.41
19/6/2025,3.68,3.18,3.79,3.07,2.78,3.96,2.4,2.48,0,3.71,2.71,3.19,3.12,3.12,2.78,4.02,3.65,2.42,3.41,3.39
20/6/2025,4.12,3.37,4.31,2.97,2.87,3.96,2.25,2.7,0,3.63,2.75,2.71,3.75,3.03,2.66,3.85,3.65,2.2,3.36,3.42
21/6/2025,4.33,3.31,4.81,2.92,2.85,3.53,1.93,2.92,0,3.36,2.97,2.58,3.35,2.91,2.81,3.85,3.28,2.15,3.3,3.48
22/6/2025,4.41,3.22,4.59,2.99,2.97,3.42,2.29,2.9,0,2.77,2.85,2.56,3.76,2.73,2.86,3.79,3.22,2.52,3.16,3.53
23/6/2025,4.61,3.09,4.19,2.73,3.3,3.99,2.68,2.83,0,2.66,2.78,2.48,0,2.62,2.74,3.79,3.44,3.3,3.15,3.6
24/6/2025,4.6,2.9,4.08,2.75,3.55,3.83,2.65,2.59,0,2.81,2.75,2.84,0,2.35,2.87,3.76,3.84,3.24,3.47,3.69
25/6/2025,4.22,2.97,4.04,2.95,3.46,3.45,2.6,2.79,0,2.79,2.66,3.18,0,2.53,3.01,3.57,4.23,2.96,3.83,3.76
26/6/2025,4.18,3.36,3.94,3.49,3.44,3.81,2.58,3.06,0,2.72,2.64,3.2,3.44,2.44,2.86,3.53,4.24,3.17,3.98,3.82
27/6/2025,4.15,3.38,4.21,3.28,3.4,3.81,2.64,3.15,0,2.9,2.37,2.51,0,2.52,2.92,3.61,3.62,3.14,4.07,3.88
28/6/2025,4.48,3.41,4.47,3.19,3.53,4.2,1.87,2.88,0,3.1,2.28,2.22,0,2.59,2.77,3.74,3.3,2.86,4.06,3.95
29/6/2025,4.82,3.44,4.75,3.35,3.5,4.56,1.73,2.76,0,3.12,2.46,2.36,0,2.47,2.84,3.75,2.84,2.65,3.66,4
30/6/2025,4.41,3.52,4.68,3.08,3.5,4.55,1.66,2.87,0,2.99,2.36,2.7,0,2.44,2.78,3.49,2.78,2.71,3.4,4.02
1/7/2025,4.24,0,4.51,3.37,3.45,4.63,1.63,2.78,0,2.8,1.92,3.14,4.58,2.4,2.67,3.45,2.92,2.98,3.36,4.03
2/7/2025,4.08,3.36,4.22,3.81,3.45,4.25,1.64,2.56,0,2.95,2.04,3.16,4.25,2.41,2.58,3.55,3.3,3.54,3.05,4.05
3/7/2025,3.95,3.26,4.28,3.85,3.52,4.83,1.77,2.62,0,3.22,2.21,2.91,3.99,2.64,2.58,3.49,3.28,3.93,2.74,4.07
4/7/2025,3.88,3.32,4.29,5.31,3.58,5.16,1.95,2.83,0,3.33,2.6,2.76,3.45,2.65,2.43,3.26,3.17,4.26,2.81,4.14
5/7/2025,3.98,3.22,4.64,5.04,3.51,5.21,2.6,2.92,0,3.36,2.5,2.83,3.66,2.36,2.62,2.88,2.95,4.23,2.94,4.23
6/7/2025,4,3.14,5.07,4.82,3.28,4.78,3.19,3.08,0,3.2,2.65,3.16,3.55,2.35,2.72,2.62,2.9,3.84,3.12,4.36
7/7/2025,4.23,3.24,5.29,5.62,3.49,4.42,3.24,2.99,0,3.09,2.72,3.23,3.33,2.68,2.73,2.58,3.48,3.35,3.07,4.44
8/7/2025,4.3,3.25,6.11,5.94,4.13,4.3,2.99,2.78,0,3.19,3.12,2.96,3.65,2.38,2.56,2.77,3.94,3.16,3.05,4.51
9/7/2025,4.32,3.04,6.41,5.96,3.94,4.56,3.2,2.8,0,3.58,3.42,2.9,3.85,2.08,2.66,2.81,4.02,3.24,2.96,4.57
10/7/2025,4.56,2.99,5.91,5.89,4.01,4.49,3.45,3.18,0,3.54,3.31,2.96,3.77,2.03,2.81,2.76,4.5,3.39,2.87,4.63
11/7/2025,4.66,3.19,5.26,5.16,3.74,4.01,3.33,3.37,0,2.74,3.3,3.01,4.02,1.97,2.83,2.62,4.62,3.4,2.86,4.69
12/7/2025,4.68,3.11,4.93,4.81,3.59,3.48,3.51,3.57,0,2.52,3.04,3.68,4.08,1.92,2.95,2.62,4.78,3.6,3.07,4.76
13/7/2025,5.32,3.16,4.62,4.59,3.58,4.05,3.33,3.86,0,2.31,2.81,3.74,4.1,1.92,2.92,2.46,4.7,3.64,3.58,4.86
14/7/2025,5.72,3.35,4.77,4.6,3.58,4.37,3.02,3.75,0,2.51,3.03,3.66,4.28,1.91,2.97,2.42,4.57,3.66,3.71,4.95
15/7/2025,5.2,3.81,5.52,4.48,3.7,4.06,2.64,3.39,0,3.19,3.11,3.95,4.04,1.88,3.23,2.44,4.44,3.89,3.56,5
16/7/2025,5.24,4.01,5.14,4.9,3.89,4.11,2.8,3.35,0,3.59,3.32,4.06,3.75,1.88,3.35,2.69,4.38,3.66,3.62,5.05
17/7/2025,5.2,4.54,4.88,4.59,3.97,4.53,3.03,3.46,0,3.55,3.36,4.3,3.46,1.92,3.04,2.77,4.32,3.36,3.49,5.09
18/7/2025,5.01,4.46,5.2,4.48,4.18,5.05,2.83,3.49,0,3.67,3.23,4.07,3.4,2.1,2.95,2.6,4.2,3.17,3.18,5.11
19/7/2025,5.05,4.38,6.13,4.45,3.94,5.02,3.01,3.58,0,4.06,3.44,3.87,3.44,2.21,3.01,2.6,4.13,2.72,2.92,5.11
20/7/2025,6.58,4.31,6.72,4.38,4.3,5.08,4.02,3.48,0,3.98,3.21,3.84,3.58,2.18,3.3,3.1,3.86,2.4,3.04,5.14
21/7/2025,6.87,4.65,6.82,4.65,4.63,5.47,4.48,3.42,0,4.01,3.21,3.88,4.16,2.21,3.09,4.85,3.62,2.78,3.53,5.23
22/7/2025,6.76,5.44,6.71,4.55,4.93,5.83,4.28,3.62,0,4.33,3.48,4.45,4.4,2.48,3.19,6.57,3.86,3.33,3.7,5.38
23/7/2025,6.21,6.88,6.53,4.43,4.65,5.92,3.66,3.68,0,4.48,3.93,4.66,4.04,2.87,3.46,5.81,3.85,3.87,3.98,5.47
24/7/2025,5.5,7.06,6.45,4.65,5.21,5.82,3.24,3.82,0,4.37,4.19,5.24,3.99,2.86,3.4,5.28,3.72,3.76,4,5.46
25/7/2025,5.37,6.75,6.5,4.56,6.55,5.77,3.43,3.78,0,4.26,3.94,5.68,4.2,2.97,3.17,4.59,3.7,3.39,3.91,5.5
26/7/2025,5.44,7.04,6.36,4.7,6.26,5.58,4.02,3.81,0,4.82,3.67,5.62,4.41,3.09,3.02,3.98,3.46,3.28,3.87,5.6
27/7/2025,5.4,7.06,6.78,4.65,5.85,5.48,5.56,3.72,0,5.65,3.49,5.1,4.82,3.33,3.04,4.23,3.29,3.48,4.02,5.77
28/7/2025,5.95,6.99,6.98,4.5,5.76,4.84,7.09,3.89,0,5.85,3.37,4.63,5.44,3.34,3.19,4.75,3.22,3.81,4.08,5.88
29/7/2025,5.98,6.98,7.03,4.68,5.12,4.64,7.91,4.04,0,5.53,3.33,4.54,6.3,3.45,3.1,4.49,3.35,3.8,3.89,5.85
30/7/2025,5.5,6.45,7.1,4.64,5,4.53,7.38,4.53,0,5.44,3.72,4.38,6.98,3.2,3.42,4.17,3.66,3.9,3.79,5.75
31/7/2025,5.12,6.04,7.41,4.42,5.11,4.52,7.04,4.89,0,5.4,3.69,3.95,7.06,3.07,3.66,3.97,3.88,4.25,3.97,5.71
1/8/2025,5.11,5.76,7.38,4.43,5.3,4.72,6.68,4.88,0,5.25,3.54,3.82,6.73,2.94,3.49,3.6,4.02,4.05,4.55,5.67
2/8/2025,5.25,8.04,7.45,4.14,5.2,4.69,5.91,4.97,0,5.17,3.45,3.74,6.34,2.76,2.99,3.3,3.78,3.95,6.11,5.68
3/8/2025,5.2,6.64,6.94,4.92,5,4.86,4.77,4.66,0,6.1,3.52,3.65,5.94,2.71,2.66,3.43,3.8,4.2,7.5,5.75
4/8/2025,5.36,7.41,6.6,4.53,5,4.88,5.65,4.25,0,7.35,3.64,3.71,5.3,2.63,2.45,3.37,3.85,4.37,6.93,5.87
5/8/2025,5.34,7.6,6.8,4.83,4.83,4.97,6.74,4.54,0,7.33,3.91,3.84,5.48,2.76,2.68,3.43,3.5,4.35,6.54,5.92
6/8/2025,5.22,8.19,7.36,5.12,4.9,4.98,6.48,5.81,0,7.01,4.2,4.27,6,2.91,2.9,3.33,3.04,4.51,6.43,5.93
7/8/2025,5.13,7.73,7.46,6.18,5.03,4.88,5.96,5.43,0,6.97,4.96,4.93,6.35,2.92,3.15,3.13,2.97,4.9,6.08,5.86
8/8/2025,5.56,7.02,7.75,6.93,5.12,4.84,5.53,4.7,0,6.6,4.99,5.17,5.97,2.78,3.33,2.95,3.2,5.42,5.65,5.81
9/8/2025,6.1,6.21,7.96,6.76,5.02,4.78,5.66,4.48,0,6.04,5.11,5.01,5.66,2.69,3.89,2.78,3.58,5.62,5.27,5.74
10/8/2025,6.19,5.77,8.67,6.37,5.03,4.93,5.64,4.78,0,5.44,4.99,4.81,5.6,2.52,4.44,2.58,3.98,5.24,4.88,5.72
11/8/2025,5.88,5.4,9.84,5.46,5.15,4.93,5.43,5.56,0,4.99,4.77,4.82,5.76,2.73,3.57,2.56,3.79,4.6,4.48,5.72
12/8/2025,5.3,5.28,10.57,5.18,5.09,5.01,5.25,5.9,0,4.77,4.19,4.82,5.6,2.71,3.74,2.64,4.11,3.86,4.46,5.66
13/8/2025,5,5.15,10.49,4.95,5.1,5.32,5.2,5.71,0,4.9,4.29,4.73,6.1,2.72,4.16,3.03,4.77,3.34,4.6,5.68
14/8/2025,4.93,4.91,9.34,4.75,4.98,5.66,5.29,5.37,0,4.87,3.98,4.61,6.22,2.43,4.23,3.22,5.9,3.22,5.17,5.65
15/8/2025,4.79,5.06,8.25,4.5,4.85,5.4,5.21,4.9,0,4.65,4.02,4.63,6.38,2.48,3.99,3.44,5.57,3.18,5.44,5.71
16/8/2025,4.72,5.22,7.81,4.91,4.93,5.2,5.75,4.47,0,4.92,4.56,4.97,6.25,2.66,3.77,3.34,5,3.05,5.79,5.86
17/8/2025,4.47,6.12,7.51,5.18,4.71,5.54,5.62,4.21,0,4.78,4.5,5.85,5.68,2.55,3.9,3.88,4.53,3.16,5.78,5.89
18/8/2025,4.27,6.47,7.25,6.12,4.71,5.7,5.6,4.05,0,4.63,4.76,6.06,5.52,2.5,3.98,4.47,4.27,3.47,5.7,5.99
19/8/2025,4.22,6.27,7,6.45,5.51,5.91,5.52,4.26,0,4.44,4.61,5.87,5.98,2.44,3.99,4.6,3.96,3.24,5.66,6.05
20/8/2025,4.71,6.09,7.84,6.5,6.11,5.84,6.62,4.18,0,4.26,4.41,5.65,5.51,2.7,4.38,4.58,3.93,0,5.71,6.08
21/8/2025,5.09,6.03,7.66,6.21,6.15,5.84,7.83,4.21,0,4.15,5.14,5.44,5.2,2.86,4.69,4.56,4.05,2.97,5.91,6.04
22/8/2025,5.63,5.59,7.54,6.23,6.11,5.82,7.47,4.12,0,4.55,5.2,4.98,4.96,2.85,4.83,4.56,3.9,3.08,6.81,5.99
23/8/2025,5.65,5.31,7.54,6,5.7,5.7,6.83,4.57,0,4.47,5.56,4.54,5.01,2.78,4.55,4.1,4.47,3.37,6.91,5.92
24/8/2025,5.11,5.31,7.17,6.35,5.14,5.76,6.59,4.42,0,4.25,5.76,4.38,5.48,2.92,4.17,3.77,4.5,3.56,7.51,5.88
25/8/2025,5.06,5.42,6.64,7.11,4.92,6.07,6.15,4.15,0,4.16,5.72,4.38,5.8,3.13,4,3.63,4.18,3.59,7.82,5.87
26/8/2025,5.53,6.02,6.23,7.19,4.76,6.47,5.93,4.23,0,4.14,5.48,4.54,5.71,2.95,4.06,3.69,4.24,3.67,7.85,5.87
27/8/2025,7.26,6.75,6.32,6.73,5,6.49,5.73,6.56,0,4.11,5.02,5.04,5.78,2.6,4.2,3.76,4.88,3.75,7.29,5.99
28/8/2025,7.05,7.03,6.46,6.57,6,6.17,5.56,6.51,0,4.19,4.44,5.71,5.57,2.43,3.98,3.86,5.5,3.26,6.98,5.98
29/8/2025,6.68,7.03,6.81,6.28,6.2,5.88,5.54,5.87,0,4.34,4.54,4.98,5.31,2.36,3.59,3.82,5.36,2.89,6.85,5.92
30/8/2025,6.56,7.14,7.54,5.77,6.3,5.66,5.53,5.33,0,4.37,4.36,4.68,4.88,2.38,3.57,3.57,4.7,2.79,6.41,5.83
31/8/2025,6.42,6.9,7.73,5.68,5.95,5.51,4.95,4.76,0,4.2,3.95,4.81,4.72,2.29,3.72,3.43,4.24,2.93,5.97,5.76
1/9/2025,6.17,0,7.57,6.4,5.74,5.39,4.81,4.76,0,4.73,4.13,4.99,5.45,2.22,3.83,3.27,4.13,2.99,5.4,5.84
2/9/2025,6.12,6.2,6.93,6.67,5.38,5.5,4.92,4.99,0,5.22,3.94,5.41,6,2.49,3.67,3.19,4.42,2.92,5.13,5.9
3/9/2025,5.53,5.94,7.54,6.55,5.32,5.06,4.76,4.74,0,5.17,4.4,5.88,5.92,2.63,3.8,3.17,4.44,3.11,5.01,5.92
4/9/2025,5.53,6.07,7.82,6.11,4.8,4.61,4.84,4.58,0,5.15,4.6,5.63,6.49,2.58,3.51,3.13,4.18,2.62,4.98,5.96
5/9/2025,5.25,6.95,7.88,5.52,4.39,4.95,4.8,4.42,0,4.98,4.56,4.95,7.3,2.56,2.98,3.13,3.98,2.51,4.8,5.98
6/9/2025,5.04,7.48,7.98,5.3,4.19,5.2,4.74,4.41,0,5.08,4.41,5.09,7.1,2.43,2.84,3.22,4.38,2.47,4.63,6
7/9/2025,5.07,7.8,8.03,5.53,4.22,5.53,4.71,5.23,0,5.11,4.65,5.26,6.48,2.36,2.86,3.3,4.62,2.45,4.52,5.98
8/9/2025,5.02,7.87,7.35,5.84,4.32,5.58,4.7,5.91,0,4.98,4.66,5.1,5.99,2.4,2.8,3.23,4.42,2.44,4.34,5.9
9/9/2025,4.73,7.78,8.46,5.7,4.52,5.5,4.72,6.02,0,4.9,4.79,5.45,5.74,2.33,3.18,3.12,4.24,2.67,4.36,5.84
10/9/2025,4.66,7.21,8.3,5.52,4.67,5.36,4.82,5.72,0,4.78,4.9,5.74,5.7,2.27,3.57,3.08,4.1,2.91,5.52,5.8
11/9/2025,4.92,6.89,7.75,5.29,4.93,5.2,4.86,5.42,0,4.81,4.97,6,5.49,2.37,3.73,3.1,3.8,3.01,8.73,5.77
12/9/2025,4.77,7.09,7.56,5.2,4.95,5.03,5.14,5.02,0,4.74,4.95,6.39,5.25,2.71,3.29,3.2,3.62,3.08,9.73,5.69
13/9/2025,4.4,7.33,6.84,5.2,5.04,4.77,5.24,4.64,0,4.6,4.63,6.68,5.36,3.06,3.28,2.75,3.93,2.97,9.11,5.57
14/9/2025,4.22,7.89,5.89,4.98,5.25,4.58,5.34,4.37,0,4.53,4.62,6.76,5.64,3.14,3.33,2.44,4.15,3.18,8.22,5.47
15/9/2025,4.11,7.79,6.5,4.92,5.8,5.03,5.45,4.29,0,4.24,4.52,6.76,5.63,3.03,3.33,2.49,4.57,3.68,7.2,5.48
16/9/2025,3.94,7.65,6.29,5.03,6.2,5.03,5.55,4.27,0,3.99,4.38,6.53,5.62,2.72,3.28,2.46,4.62,4.24,6.32,5.5
17/9/2025,3.94,7.6,5.8,4.99,6.38,5.13,5.24,4.28,0,3.83,3.82,6.06,5.89,2.54,3.44,2.52,4.67,4.11,5.7,5.43
18/9/2025,4.18,7.41,5.91,5.27,6.36,5.26,5,4.26,0,3.6,3.27,5.95,5.55,2.37,3.3,2.7,4.53,4.09,5.34,5.37
19/9/2025,4.51,7.18,5.75,5.4,6.14,5.26,4.83,4.27,0,3.47,3.5,5.88,5.63,2.32,3.44,2.82,4.5,4.11,5.1,5.36
20/9/2025,5.16,7.11,5.68,5.34,5.79,5.09,4.57,4.12,0,3.5,3.81,5.57,5.61,2.26,3.32,2.82,4.77,4.34,4.76,5.3
21/9/2025,5.71,6.88,5.58,5.24,5.69,5.56,4.73,3.87,0,3.44,3.77,4.85,5.55,2.22,3.26,2.7,4.78,4.76,4.42,5.33
22/9/2025,6.99,6.34,5.48,5.13,5.4,5.44,4.49,3.72,0,3.58,3.74,4.37,5.85,2.18,3.39,2.8,4.78,4.8,4.16,5.33
23/9/2025,6.56,5.73,5.39,5.03,4.96,5.86,4.33,3.59,0,3.58,3.64,4.23,5.4,2.16,3.43,3,4.84,4.62,4.11,5.2
24/9/2025,6.02,5.23,5.53,5.18,4.78,5.96,4.3,3.49,0,3.49,3.54,4.25,4.87,2.5,3.35,2.77,4.72,4.48,4.46,5.1
25/9/2025,5.67,4.96,5.36,5.35,4.98,5.75,4.3,3.6,0,3.5,3.55,4.25,4.73,2.65,3.55,2.63,4.73,3.98,4.41,5.04
26/9/2025,5.25,5.1,5.3,5.39,5.12,5.9,4.32,3.75,0,3.49,3.47,4.02,4.8,2.6,3.93,2.54,4.4,3.54,4.26,5.02
27/9/2025,5.04,5.06,4.84,5.39,5.05,6.26,4.44,3.76,0,3.46,3.29,4.41,4.4,2.55,4.04,2.45,4.05,3.43,4.06,4.96
28/9/2025,4.82,5.11,5.74,4.9,5.3,6.04,4.38,3.92,0,3.28,3.08,4.57,4.4,2.51,3.66,2.43,3.89,3.87,4.2,4.97
29/9/2025,4.71,5,6.78,4.73,5.62,5.35,4.21,4.11,0,3.14,3.03,4.56,4.46,2.58,3.48,2.42,3.67,4.04,3.98,4.98
30/9/2025,4.66,5.27,6.16,4.85,5.64,5.68,4.21,3.94,0,3.1,3.29,4.55,4.52,2.56,3.37,2.37,3.29,4.2,3.6,4.99
1/10/2025,4.68,4.68,5.58,4.68,5.47,5.76,4.16,3.67,0,2.99,3.4,3.92,4.56,2.13,3.32,2.22,2.95,3.96,3.45,4.95
2/10/2025,4.48,5.34,5.44,4.4,5.18,5.54,3.55,3.49,0,2.99,3.15,3.73,4.7,1.95,3.19,2.22,2.94,3.94,4.02,4.87
3/10/2025,4.37,5.01,5.17,4,5.28,4.81,3.32,3.38,0,2.99,3.08,3.48,4.38,1.94,3.06,2.24,3.2,3.72,4.77,4.76
4/10/2025,4.19,4.77,5.25,3.68,4.58,4.37,3.42,3.34,0,3.05,3.14,3.44,3.98,1.95,3.11,2.45,3.34,3.35,5.22,4.66
5/10/2025,4.03,4.7,5.16,3.57,4.4,4,3.75,3.3,0,3.02,3.46,3.53,3.84,1.97,3.1,2.6,3.58,3.2,4.87,4.63
6/10/2025,4.25,4.68,5.22,3.72,4.24,3.74,4.12,3.26,0,3.03,3.12,3.39,3.98,1.97,3.13,2.59,3.43,3.13,4.58,4.62
7/10/2025,4.32,4.98,5.54,4.08,4.2,3.61,4.4,3.36,0,3.05,3,3.3,3.95,2.02,3.37,2.52,3.21,3.29,4.62,4.61
8/10/2025,4.4,5.38,5.43,4.01,4.13,3.51,4.51,3.31,0,2.98,3.1,3.31,3.88,2.03,3.27,2.44,3.03,3.79,4.27,4.61
9/10/2025,4.77,5.61,4.98,3.91,4.19,3.53,4.41,3.26,0,2.95,2.98,3.47,3.93,1.99,3.18,2.33,3.1,3.98,4.04,4.58
10/10/2025,5.99,5.98,5.14,3.83,4.38,3.81,4.26,3.17,0,3.09,2.89,3.57,4.2,1.97,3.01,2.23,3.01,3.97,3.85,4.66
11/10/2025,7.34,6,5.22,3.77,4.75,3.85,4.14,3.07,0,3.49,2.92,3.55,4.82,1.94,2.92,2.24,3,4.02,3.82,4.76
12/10/2025,8.9,5.92,5.1,3.81,5.62,3.74,4.09,3.03,0,3.88,2.97,3.57,5.18,1.92,2.85,2.63,3.08,3.93,3.74,4.83
13/10/2025,9.81,5.67,5.08,3.76,5.7,3.65,4.01,3.01,0,3.82,3.15,3.28,5.24,1.92,2.73,2.8,3.02,3.72,3.59,4.78
14/10/2025,8.93,5.91,5.02,3.68,5.44,3.64,4.02,3.08,0,3.51,3.4,3.73,5.06,1.97,2.76,2.77,2.88,3.66,3.46,4.68
15/10/2025,7.73,5.89,4.85,3.76,5.2,3.65,4.01,3.16,0,3.36,3.21,3.78,5.06,2.04,2.73,2.51,2.78,3.62,3.46,4.56
16/10/2025,7.2,5.44,5.12,3.67,5,3.65,4.05,3.1,0,3.41,2.94,3.55,5.01,2.06,2.67,2.19,2.76,3.55,3.43,4.46
17/10/2025,6.56,5.18,4.65,3.69,4.78,3.76,4.02,3.09,0,3.32,2.81,3.88,4.9,2.04,2.6,2.19,2.65,3.4,3.31,4.35
18/10/2025,5.96,4.93,4.54,3.55,4.69,3.52,4.06,3.22,0,3.16,2.69,3.63,4.96,1.95,2.55,2.33,2.59,3.21,0,4.29
19/10/2025,5.61,4.85,4.55,3.35,4.61,3.47,4.07,3.36,0,3.07,2.66,3.35,4.98,1.95,2.52,2.67,2.53,3,3.2,4.24
20/10/2025,5.24,4.69,4.48,3.53,4.42,3.51,4.07,3.68,0,3.38,2.66,3.23,4.89,1.98,2.5,2.73,2.47,2.65,3.12,4.22
21/10/2025,4.96,4.8,4.2,3.45,4.55,3.6,4,3.96,0,3.01,2.96,3.1,4.6,1.98,2.63,2.71,2.43,2.78,3.07,4.18
22/10/2025,4.82,4.84,3.92,3.4,4.7,3.7,3.9,4.51,0,3,3.03,3,4.34,2.32,2.9,2.73,2.4,2.76,3.15,4.17
23/10/2025,4.84,5.4,4.87,3.52,4.63,3.69,3.82,5.24,0,3.21,3.19,3.03,4.4,2.46,2.81,2.76,2.38,2.77,3.44,4.23
24/10/2025,4.68,5.39,4.75,3.77,4.52,3.38,3.86,5.54,0,3.22,3.22,3.2,4.49,2.51,2.7,2.82,2.58,2.87,3.42,4.22
25/10/2025,4.48,5.46,4.66,3.72,4.46,3.05,3.84,5.51,0,3.33,3.13,3.7,4.72,2.42,2.65,2.98,2.72,2.97,3.37,4.19
26/10/2025,4.31,5.2,4.83,3.21,4.64,3.02,4.26,5.34,0,3.29,3.11,4.94,4.78,2.39,2.48,2.83,2.81,2.99,3.38,4.2
27/10/2025,4.27,5.02,4.78,2.98,4.5,3.05,4.2,4.94,0,3.24,3.14,5.2,4.91,2.4,2.36,2.81,2.88,2.96,3.36,4.15
28/10/2025,4.18,4.91,4.87,2.97,4.46,3.12,4.2,4.65,0,3.21,3.2,4.95,4.64,2.07,2.33,2.82,2.89,3.22,3.06,4.11
29/10/2025,4.06,4.76,4.94,2.18,4.71,3.66,4.18,4.55,0,3.2,3.4,4.91,4.46,1.84,2.32,2.64,2.98,3.39,2.86,4.09
30/10/2025,3.98,4.6,4.77,3.15,4.74,3.95,4.03,4.56,0,3.02,3.83,5.12,4.59,1.85,2.3,2.6,3.28,3.18,2.96,4.14
31/10/2025,3.89,4.68,4.9,3.27,4.62,3.76,4,4.83,0,3.03,2.96,4.94,4.45,1.9,2.3,2.69,3.35,3.22,3.15,4.05
1/11/2024,3.74,4.63,5.4,3.43,4.16,3.41,4.1,5.02,3.32,3.11,2.68,4.84,4.5,1.87,2.29,2.53,3.35,3.29,3.22,3.91
2/11/2024,3.78,3.31,5.79,3.5,3.84,3.18,3.78,4.91,3.36,2.97,2.71,3.93,4.67,1.84,2.29,2.63,3.25,3.25,3.23,4.33
3/11/2024,3.72,4.76,5.79,3.77,4.01,3.09,3.25,4.74,3.47,2.81,3.17,3.74,4.95,1.82,2.38,2.83,2.92,3.12,3.12,4.52
4/11/2024,3.68,5.37,6.12,3.62,4.02,3.48,2.95,4.63,3.33,2.77,3.78,3.7,4.84,1.83,2.69,2.85,2.43,3.07,3.05,4.53
5/11/2024,3.69,5.4,6.95,3.4,3.75,3.51,3.27,4.56,3.35,2.78,4.15,4,4.46,1.83,2.8,2.75,2.13,2.99,3.02,4.18
6/11/2024,3.59,4.63,6.57,3.16,3.59,3.45,3.25,4.44,3.45,2.72,3.92,4.04,4.24,1.83,2.75,2.7,2.12,2.71,2.99,4
7/11/2024,3.58,3.79,5.86,2.85,3.59,3.53,3.25,4.36,3.48,2.63,3.64,4.06,4.05,1.89,2.76,2.58,2.09,2.26,3.04,4.12
8/11/2024,3.53,3.56,5.74,2.7,3.48,3.33,3.26,4.32,3.28,2.58,3.5,3.96,4.02,0,2.7,2.48,2.13,2.24,3.31,4.41
9/11/2024,3.47,3.88,5.45,2.61,3.39,3.26,3.22,4.26,3.24,2.53,3.52,3.96,3.66,0,2.55,2.39,2.31,2.26,3.67,4.25
10/11/2024,3.5,3.89,5.32,2.75,3.24,3.42,3,4.22,3.25,2.49,3.72,4.08,3.45,0,2.51,2.44,2.63,2.19,4.07,4.42
11/11/2024,3.38,3.78,5.06,2.85,3.17,3.34,2.83,4.19,3.06,2.48,4.21,4.1,3.13,2.04,2.5,2.48,2.84,2.12,3.96,4.38
12/11/2024,3.32,3.77,4.71,2.97,3.12,3.13,2.75,4.16,3.02,2.6,4.52,4.09,3.09,1.88,2.49,2.43,2.9,2.37,3.76,0
13/11/2024,3.36,3.8,4.63,3.05,3.24,2.8,2.69,4.12,2.8,3.03,4.8,4.1,3.07,1.83,2.71,2.4,2.69,2.25,3.15,0
14/11/2024,3.16,3.75,4.35,3,3.3,2.79,2.67,4.04,2.75,3.47,4.6,3.75,3.03,1.84,2.93,2.37,2.32,2.19,2.84,0
15/11/2024,3.15,3.65,4.25,2.7,3.19,2.68,2.75,4,2.73,3.37,4.23,3.55,3.08,1.83,2.72,2.29,2.3,2.18,0,0
16/11/2024,3.34,3.73,4.29,2.74,3.14,2.68,2.86,4.06,2.97,2.8,4.07,3.75,3.06,1.8,2.47,2.27,2.48,2.15,0,0
17/11/2024,3.28,3.78,4.12,2.7,3.26,2.67,2.86,4.06,3.42,2.87,3.71,3.84,3.09,1.8,2.39,2.58,2.53,2.1,0,0
18/11/2024,3.14,3.75,4.15,2.7,3.24,2.65,2.9,4.01,3.4,2.98,3.36,3.81,3.07,1.78,2.45,2.79,2.54,2.13,0,0
19/11/2024,3.09,3.45,3.99,2.54,3.12,2.68,2.88,3.89,3.39,2.98,3.39,3.91,3.05,2.03,2.44,2.82,2.55,2.09,2.59,0
20/11/2024,3.08,3.33,4.04,2.48,3.05,3.02,2.83,4.11,3.34,2.99,3.36,3.88,3.5,2.17,2.16,2.76,2.6,2.18,2.91,0
21/11/2024,3.08,3.31,4.12,2.43,3.04,3.04,2.76,4.2,3.38,2.96,3.26,3.6,3.55,2.18,2.16,2.71,2.53,2.41,3.07,0
22/11/2024,3.13,3.26,3.87,2.51,3.04,2.68,2.72,4.14,3.5,2.95,3.24,3.86,3.54,2.18,2.1,2.45,2.49,2.5,3.04,0
23/11/2024,3.23,3.42,3.64,2.55,2.98,2.69,2.7,4.1,3.52,2.62,3.23,3.86,3.54,2.33,1.96,2.18,2.56,2.5,2.95,0
24/11/2024,2.98,3.33,3.63,2.65,2.94,2.78,2.65,4.07,3.51,2.39,3.23,4.05,3.47,2.5,1.99,2.13,2.65,2.48,2.97,0
25/11/2024,2.89,3.31,2.63,2.59,2.74,2.8,2.74,4.04,3.49,2.35,3.27,4.4,3.45,2.34,2.14,2.17,2.58,2.43,2.79,0
26/11/2024,2.89,3.12,3.74,2.65,2.7,2.77,2.65,3.95,3.5,2.33,3.35,5.21,3.32,2.25,2.18,2.32,2.51,2.47,2.5,0
27/11/2024,2.88,3.22,3.74,2.72,2.68,2.78,2.6,3.86,3.57,2.3,3.6,5.27,2.88,2.29,2.02,2.46,2.61,2.25,2.39,0
28/11/2024,2.79,3.06,3.59,2.64,2.66,2.75,2.57,3.72,3.57,2.31,3.3,4.68,2.78,2.34,2.2,2.34,2.48,1.91,2.39,0
29/11/2024,2.66,2.98,3.49,2.58,2.63,2.75,2.58,3.88,3.58,2.3,3.23,4.42,2.78,2.38,2.29,2.24,2.23,1.84,2.42,0
30/11/2024,2.52,2.93,3.48,2.57,2.77,2.82,2.58,3.95,3.54,2.36,3.23,4.2,2.76,2.38,2.29,2.12,2.1,1.84,2.44,0
1/12/2024,2.66,2.78,3.36,2.41,2.84,2.59,2.66,3.93,3.6,2.34,3.34,4.25,2.74,2.38,2.16,2.08,2.06,1.86,2.39,0
2/12/2024,2.74,2.82,3.4,2.42,2.76,2.5,2.73,3.79,3.58,2.3,3.58,4.1,2.69,2.37,2.15,2.05,2.04,1.9,2.43,0
3/12/2024,2.71,2.93,3.4,2.63,2.9,2.45,2.98,3.63,3.57,2.26,3.97,3.94,2.7,2.38,2.06,2.04,1.98,2.1,2.42,0
4/12/2024,2.6,2.98,3.43,2.62,2.71,2.4,2.89,3.58,3.55,2.25,3.35,4,2.68,2.36,2.03,2.02,2.09,1.93,2.37,0
5/12/2024,2.58,3.13,3.48,2.75,2.73,2.41,2.73,3.51,3.55,2.24,2.56,3.96,2.7,2.36,2.02,1.97,2.09,1.79,2.32,0
6/12/2024,2.68,3.26,3.41,3.06,2.89,2.39,2.63,3.48,3.48,2.28,2.36,3.94,2.66,2.38,2.02,2,2.07,1.8,2.49,0
7/12/2024,2.63,3.17,3.4,2.75,2.63,2.38,2.77,3.65,0,2.32,2.32,4.05,2.65,2.42,2.06,1.97,2,1.78,2.8,0
8/12/2024,2.53,3.2,3.4,2.63,2.52,2.35,2.95,3.81,0,2.26,2.27,4.1,2.61,2.5,2.16,2.01,2,1.9,3.04,0
9/12/2024,2.57,3.04,3.33,2.75,2.55,2.37,2.86,3.76,0,2.25,2.15,4.2,2.6,2.55,2.3,1.98,1.99,1.86,3.24,0
10/12/2024,2.57,2.96,3.27,3.08,2.48,2.34,2.71,3.77,0,2.31,2.18,4.21,2.65,2.57,2.33,2.08,1.97,1.85,3.07,0
11/12/2024,2.48,2.9,3.36,2.82,2.41,2.34,2.68,3.76,0,2.4,2.22,3.87,2.64,2.57,2.26,2.44,1.93,1.87,2.79,0
12/12/2024,2.53,2.92,3.3,2.48,2.43,2.39,2.62,3.73,0,2.46,2.63,3.68,2.9,2.56,2.25,2.44,2.23,1.84,2.36,0
13/12/2024,2.6,2.95,3.17,2.37,2.56,2.45,2.67,3.76,0,2.49,2.82,3.55,2.82,2.62,2.21,2.39,2.45,1.82,2.18,0
14/12/2024,2.36,2.93,3.05,2.35,2.73,2.44,2.59,3.84,0,2.3,2.76,3.62,2.93,2.78,2.37,2.37,2.33,1.82,2.47,0
15/12/2024,2.54,2.9,3.17,2.4,3.33,2.35,2.55,4.13,0,2.31,2.7,3.4,2.89,3.1,2.43,2.39,2.07,1.82,2.87,0
16/12/2024,2.58,2.8,2.96,2.37,3.05,2.33,2.55,5.83,0,2.16,2.86,3.39,2.79,3.16,2.48,2.19,1.87,1.82,3.3,0
17/12/2024,2.54,2.75,2.96,2.6,2.96,2.32,2.54,6.87,0,2.14,2.86,3.38,3.04,3.11,2.71,2.01,2,1.8,3.25,0
18/12/2024,2.38,2.72,2.8,2.54,2.62,2.35,2.56,5.65,0,2.16,3.09,3.33,3.21,2.82,2.76,1.89,2,1.91,3.07,0
19/12/2024,2.37,2.78,2.79,2.57,2.38,2.41,2.52,4.39,0,2.16,3.22,3.38,3.28,2.46,2.7,1.86,2.26,1.83,2.96,0
20/12/2024,2.37,2.66,2.72,2.43,2.39,2.35,2.54,3.85,0,2.44,3.18,3.3,3.3,2.36,2.72,1.83,2.45,2.12,2.93,0
21/12/2024,2.31,2.7,2.68,2.31,2.47,2.32,2.66,3.76,0,2.66,3.15,3.2,3.24,2.35,2.79,1.82,2.64,2.33,2.82,0
22/12/2024,2.42,2.67,2.63,2.87,2.38,2.37,2.72,3.61,0,2.68,3.15,3.35,3.12,2.34,2.77,1.83,2.5,2.23,2.43,0
23/12/2024,2.32,2.64,2.7,2.39,2.39,2.34,2.7,3.41,0,2.75,3.2,3.4,3.07,2.32,2.81,1.82,2.51,2.19,2.42,0
24/12/2024,2.28,2.55,2.65,2.5,2.42,2.47,2.66,3.44,0,2.75,3.4,3.27,3.02,2.4,2.78,1.8,2.42,2.22,2.73,0
25/12/2024,2.15,2.47,2.56,2.49,2.38,2.81,2.66,3.42,0,2.74,3.5,3.26,2.98,2.46,2.78,1.79,2.25,2.01,2.81,0
26/12/2024,2.15,2.48,2.62,2.48,2.4,2.9,2.68,3.49,0,2.75,3.51,3.25,2.95,2.46,2.85,1.78,1.83,1.86,2.83,0
27/12/2024,2.22,2.33,2.72,2.38,2.47,2.89,2.66,3.35,0,2.71,3.37,3.25,2.92,2.46,2.77,1.82,1.77,1.95,2.8,0
28/12/2024,2.18,2.21,2.74,2.25,2.47,2.92,2.65,3.26,0,2.38,3.33,3.28,2.8,2.48,2.69,1.87,1.94,1.95,0,0
29/12/2024,2.2,2.2,2.7,2.02,2.6,2.56,2.63,3.31,0,2.4,3.25,3.35,2.72,2.6,2.68,1.84,2.02,2.03,0,0
30/12/2024,2.05,2.27,2.72,2.04,2.58,2.24,2.63,3.32,0,2.1,3.25,3.3,2.95,2.55,2.6,1.81,2.17,2,0,0
31/12/2024,1.98,2.18,2.71,2.02,2.45,2.21,2.62,3.3,0,2.15,3.28,3.26,3.19,2.58,2.54,1.8,2.43,1.91,2.73,0